Sex,Length,Diameter,Height,Whole weight,Shucked weight,Viscera weight,Shell weight,Rings,
1,0.723880597015,0.706422018349,0.652173913043,0.338500784929,0.308087891538,0.382978723404,0.25759840558,0.321428571429
2,0.858208955224,0.899082568807,0.673913043478,0.613814756672,0.620383356709,0.63829787234,0.412057797708,0.535714285714
2,0.813432835821,0.834862385321,0.847826086957,0.52806122449,0.445535296868,0.473635522664,0.476831091181,0.464285714286
2,0.723880597015,0.733944954128,0.5,0.369309262166,0.320710612436,0.237742830712,0.372197309417,0.714285714286
3,0.582089552239,0.587155963303,0.478260869565,0.184065934066,0.206638616176,0.219241443108,0.138016940708,0.285714285714
3,0.507462686567,0.467889908257,0.434782608696,0.115580847724,0.11407199626,0.104532839963,0.0976581963129,0.321428571429
2,0.820895522388,0.798165137615,0.717391304348,0.483124018838,0.519401589528,0.45605920444,0.362232187344,0.357142857143
3,0.470149253731,0.440366972477,0.369565217391,0.078885400314,0.080878915381,0.0823311748381,0.0732436472347,0.214285714286
2,0.597014925373,0.54128440367,0.45652173913,0.176609105181,0.159420289855,0.169287696577,0.152964623817,0.357142857143
2,0.753731343284,0.743119266055,0.478260869565,0.389128728414,0.431510051426,0.440333024977,0.277528649726,0.357142857143
2,0.537313432836,0.623853211009,0.413043478261,0.141875981162,0.126227208976,0.18038852914,0.128051818635,0.285714285714
2,0.753731343284,0.706422018349,0.739130434783,0.334379905808,0.341748480598,0.301572617946,0.242650722471,0.392857142857
1,0.194029850746,0.183486238532,0.152173913043,0.0158948194662,0.0149602618046,0.00925069380204,0.0139511709018,0.214285714286
1,0.589552238806,0.614678899083,0.608695652174,0.248626373626,0.203366058906,0.162812210916,0.252615844544,0.285714285714
1,0.828358208955,0.844036697248,0.673913043478,0.529827315542,0.455352968677,0.644773358002,0.446935724963,0.678571428571
1,0.574626865672,0.54128440367,0.478260869565,0.201334379906,0.208508648901,0.198889916744,0.154459392128,0.321428571429
3,0.537313432836,0.522935779817,0.434782608696,0.148155416013,0.138849929874,0.156336725254,0.118086696562,0.25
3,0.283582089552,0.275229357798,0.260869565217,0.0406200941915,0.0355306217859,0.0749306197965,0.0333831589437,0.142857142857
1,0.925373134328,0.908256880734,0.891304347826,0.767072213501,0.665264142122,1.0,0.586447433981,0.464285714286
2,0.708955223881,0.724770642202,0.586956521739,0.290031397174,0.274894810659,0.264569842738,0.264075734928,0.321428571429
2,0.574626865672,0.678899082569,0.630434782609,0.291993720565,0.280037400655,0.280296022202,0.237668161435,0.25
2,0.708955223881,0.660550458716,0.54347826087,0.298861852433,0.296400187003,0.387604070305,0.197807673144,0.285714285714
3,0.791044776119,0.761467889908,0.565217391304,0.367739403454,0.31556802244,0.370952821462,0.317389138017,0.428571428571
3,0.44776119403,0.45871559633,0.45652173913,0.105769230769,0.0850864890136,0.13598519889,0.0881913303438,0.25
1,0.634328358209,0.596330275229,0.630434782609,0.232927786499,0.198690977092,0.296947271045,0.197807673144,0.392857142857
2,0.537313432836,0.51376146789,0.434782608696,0.148351648352,0.157550257129,0.158186864015,0.108121574489,0.285714285714
1,0.559701492537,0.48623853211,0.391304347826,0.14874411303,0.158485273492,0.13783533765,0.113104135526,0.285714285714
1,0.716417910448,0.715596330275,0.54347826087,0.327315541601,0.313230481533,0.299722479186,0.27254608869,0.428571428571
1,0.828358208955,0.844036697248,0.630434782609,0.493328100471,0.382889200561,0.36355226642,0.407075236672,0.428571428571
3,0.365671641791,0.348623853211,0.304347826087,0.061420722135,0.0584385226741,0.059204440333,0.0483308420528,0.428571428571
2,0.902985074627,0.844036697248,0.717391304348,0.634419152276,0.478260869565,0.755781683626,0.616342800199,0.392857142857
1,0.791044776119,0.798165137615,0.739130434783,0.480769230769,0.447872837775,0.530064754857,0.347284504235,0.607142857143
1,0.492537313433,0.467889908257,0.391304347826,0.150313971743,0.160822814399,0.168362627197,0.108121574489,0.214285714286
2,0.634328358209,0.577981651376,0.54347826087,0.175824175824,0.159420289855,0.194264569843,0.152964623817,0.285714285714
2,0.813432835821,0.816513761468,0.717391304348,0.464678178964,0.465170640486,0.556891766883,0.347284504235,0.392857142857
1,0.820895522388,0.752293577982,0.565217391304,0.468210361068,0.450210378682,0.378353376503,0.397110114599,0.428571428571
2,0.5,0.495412844037,0.413043478261,0.141875981162,0.14773258532,0.141535615171,0.118086696562,0.321428571429
2,0.544776119403,0.550458715596,0.45652173913,0.162087912088,0.147265077139,0.170212765957,0.129048330842,0.357142857143
3,0.380597014925,0.366972477064,0.369565217391,0.0667189952904,0.0607760635811,0.0462534690102,0.0582959641256,0.178571428571
1,0.597014925373,0.587155963303,0.5,0.231946624804,0.258064516129,0.211840888067,0.177877428999,0.321428571429
1,0.701492537313,0.678899082569,0.54347826087,0.330651491366,0.347826086957,0.387604070305,0.232685600399,0.321428571429
3,0.39552238806,0.376146788991,0.304347826087,0.0777080062794,0.0738662926601,0.101757631822,0.0533134030892,0.178571428571
2,0.522388059701,0.504587155963,0.45652173913,0.158555729984,0.151940158953,0.148936170213,0.133532635775,0.25
2,0.574626865672,0.550458715596,0.521739130435,0.202119309262,0.205236091632,0.209990749306,0.162929745889,0.285714285714
3,0.34328358209,0.348623853211,0.282608695652,0.0604395604396,0.0621785881253,0.0693802035153,0.0433482810164,0.214285714286
2,0.470149253731,0.43119266055,0.5,0.119113029827,0.112201963534,0.150786308973,0.0881913303438,0.214285714286
2,0.544776119403,0.522935779817,0.391304347826,0.176216640502,0.174848059841,0.160037002775,0.128051818635,0.321428571429
1,0.768656716418,0.816513761468,0.826086956522,0.465070643642,0.384291725105,0.49953746531,0.367214748381,0.535714285714
2,0.708955223881,0.706422018349,0.608695652174,0.350274725275,0.293127629734,0.278445883441,0.317389138017,0.642857142857
3,0.440298507463,0.412844036697,0.369565217391,0.1034144427,0.113136979897,0.095282146161,0.0782262082711,0.214285714286
2,0.492537313433,0.45871559633,0.369565217391,0.135989010989,0.135109864423,0.164662349676,0.0981564524165,0.285714285714
2,0.589552238806,0.550458715596,0.521739130435,0.213697017268,0.186535764376,0.232192414431,0.182859990035,0.464285714286
1,0.388059701493,0.385321100917,0.413043478261,0.0863422291994,0.0864890135577,0.102682701203,0.0732436472347,0.214285714286
3,0.373134328358,0.348623853211,0.260869565217,0.0624018838305,0.0696587190276,0.0462534690102,0.0433482810164,0.178571428571
2,0.835820895522,0.844036697248,0.782608695652,0.537480376766,0.472650771388,0.563367252544,0.446935724963,0.321428571429
2,0.873134328358,0.935779816514,0.804347826087,0.690149136578,0.646096306685,0.603145235893,0.496761335326,0.535714285714
2,0.761194029851,0.743119266055,0.695652173913,0.365188383046,0.340345956054,0.50046253469,0.287493771799,0.285714285714
3,0.455223880597,0.403669724771,0.391304347826,0.087715855573,0.0738662926601,0.0897317298797,0.0832087693074,0.321428571429
3,0.432835820896,0.376146788991,0.45652173913,0.0847723704867,0.0864890135577,0.0814061054579,0.0682610861983,0.285714285714
1,0.880597014925,0.880733944954,0.804347826087,0.629513343799,0.537166900421,0.716928769658,0.476831091181,0.464285714286
3,0.186567164179,0.165137614679,0.217391304348,0.0137362637363,0.010752688172,0.0166512488437,0.00946686596911,0.107142857143
1,0.679104477612,0.660550458716,0.717391304348,0.289442700157,0.243104254324,0.257169287697,0.262082710513,0.571428571429
1,0.738805970149,0.697247706422,0.586956521739,0.354591836735,0.366058906031,0.434782608696,0.27254608869,0.321428571429
3,0.544776119403,0.532110091743,0.391304347826,0.142857142857,0.113136979897,0.166512488437,0.118086696562,0.428571428571
1,0.410447761194,0.366972477064,0.239130434783,0.0694662480377,0.0649836372137,0.0703052728955,0.0582959641256,0.321428571429
1,0.529850746269,0.54128440367,0.434782608696,0.158555729984,0.155680224404,0.148936170213,0.133034379671,0.321428571429
1,0.305970149254,0.266055045872,0.304347826087,0.035125588697,0.0299205236092,0.0388529139685,0.0284005979073,0.142857142857
1,0.373134328358,0.321100917431,0.347826086957,0.0569073783359,0.0551659654044,0.0619796484736,0.0433482810164,0.107142857143
1,0.470149253731,0.449541284404,0.347826086957,0.119113029827,0.132772323516,0.118408880666,0.0832087693074,0.285714285714
1,0.634328358209,0.651376146789,0.608695652174,0.259026687598,0.262272089762,0.252543940796,0.217737917289,0.357142857143
1,0.970149253731,0.94495412844,0.782608695652,1.0,1.0,0.892691951896,0.720976581963,0.464285714286
1,0.753731343284,0.761467889908,0.673913043478,0.390698587127,0.366993922394,0.446808510638,0.32735426009,0.321428571429
1,0.723880597015,0.733944954128,0.630434782609,0.312009419152,0.316970546985,0.350601295097,0.240159441953,0.357142857143
2,0.776119402985,0.770642201835,0.695652173913,0.488618524333,0.447872837775,0.415356151711,0.422022919781,0.678571428571
2,0.902985074627,0.926605504587,0.673913043478,0.642464678179,0.565217391304,0.518038852914,0.456900847035,0.5
1,0.686567164179,0.669724770642,0.586956521739,0.309654631083,0.307620383357,0.348751156337,0.247633283508,0.321428571429
1,0.776119402985,0.770642201835,0.652173913043,0.516287284144,0.380551659654,0.432007400555,0.576482311908,0.714285714286
1,0.768656716418,0.788990825688,0.478260869565,0.356750392465,0.363721365124,0.335800185014,0.287493771799,0.535714285714
1,0.84328358209,0.834862385321,0.717391304348,0.536106750392,0.480598410472,0.491211840888,0.566517189836,0.714285714286
3,0.149253731343,0.128440366972,0.173913043478,0.00843799058085,0.0065451145395,0.00555041628122,0.00647732934728,0.142857142857
3,0.320895522388,0.311926605505,0.260869565217,0.0388540031397,0.0327255726975,0.0425531914894,0.0333831589437,0.25
2,0.679104477612,0.623853211009,0.586956521739,0.303375196232,0.287050023375,0.311748381129,0.252615844544,0.214285714286
1,0.619402985075,0.596330275229,0.54347826087,0.211734693878,0.202431042543,0.174838112858,0.187842551071,0.357142857143
1,0.410447761194,0.385321100917,0.347826086957,0.087715855573,0.0920991117345,0.0888066604995,0.0682610861983,0.214285714286
1,1.0,0.97247706422,0.891304347826,0.979984301413,0.865357643759,0.872340425532,0.696063776781,0.571428571429
3,0.358208955224,0.284403669725,0.217391304348,0.048273155416,0.0551659654044,0.0684551341351,0.0333831589437,0.142857142857
3,0.410447761194,0.376146788991,0.326086956522,0.0675039246468,0.0649836372137,0.0629047178538,0.0582959641256,0.321428571429
3,0.194029850746,0.174311926606,0.195652173913,0.0156985871272,0.0229079008883,0.0268270120259,0.0104633781764,0.142857142857
1,0.753731343284,0.770642201835,0.608695652174,0.379905808477,0.35904628331,0.399629972248,0.347284504235,0.357142857143
1,0.201492537313,0.174311926606,0.173913043478,0.0143249607535,0.0135577372604,0.0148011100833,0.00847035376183,0.0714285714286
1,0.970149253731,0.935779816514,0.891304347826,0.74136577708,0.651238896681,0.873265494912,0.576482311908,0.535714285714
1,0.723880597015,0.706422018349,0.565217391304,0.380298273155,0.413277232352,0.377428307123,0.262580966617,0.464285714286
3,0.0,0.0,0.0,0.0,0.0,0.0,0.0,0.0
2,0.507462686567,0.45871559633,0.521739130435,0.124803767661,0.121084618981,0.138760407031,0.103139013453,0.25
1,0.776119402985,0.779816513761,0.673913043478,0.494505494505,0.451145395044,0.522664199815,0.407075236672,0.571428571429
2,0.716417910448,0.678899082569,0.565217391304,0.308477237049,0.262739597943,0.294172062905,0.282511210762,0.357142857143
1,0.731343283582,0.733944954128,0.695652173913,0.354984301413,0.31884057971,0.287696577243,0.317389138017,0.607142857143
3,0.858208955224,0.844036697248,0.652173913043,0.455455259027,0.461898083216,0.374653098982,0.32735426009,0.571428571429
2,0.753731343284,0.733944954128,0.695652173913,0.355376766091,0.348761103319,0.394079555967,0.282511210762,0.428571428571
2,0.649253731343,0.633027522936,0.565217391304,0.31887755102,0.428237494156,0.36262719704,0.192825112108,0.321428571429
2,0.671641791045,0.669724770642,0.652173913043,0.295918367347,0.255726975222,0.31914893617,0.27254608869,0.285714285714
2,0.805970149254,0.779816513761,0.673913043478,0.455062794349,0.478728377747,0.555966697502,0.302441454908,0.321428571429
3,0.470149253731,0.467889908257,0.391304347826,0.117739403454,0.10752688172,0.117483811286,0.113104135526,0.357142857143
2,0.798507462687,0.807339449541,0.760869565217,0.451726844584,0.500233754091,0.536540240518,0.242650722471,0.25
2,0.738805970149,0.724770642202,0.652173913043,0.380494505495,0.369798971482,0.470860314524,0.25759840558,0.392857142857
2,0.850746268657,0.862385321101,0.782608695652,0.70898744113,0.656848994857,0.717853839038,0.392127553563,0.607142857143
1,0.753731343284,0.743119266055,0.521739130435,0.360675039246,0.332865825152,0.333950046253,0.287493771799,0.428571428571
2,0.589552238806,0.587155963303,0.5,0.219583987441,0.234689107059,0.252543940796,0.177877428999,0.321428571429
3,0.402985074627,0.394495412844,0.434782608696,0.0830062794349,0.0757363253857,0.099907493062,0.0682610861983,0.214285714286
3,0.425373134328,0.422018348624,0.413043478261,0.0939952904239,0.0846189808322,0.104532839963,0.0732436472347,0.214285714286
2,0.746268656716,0.715596330275,0.565217391304,0.36852433281,0.358578775129,0.465309898242,0.282511210762,0.285714285714
1,0.440298507463,0.412844036697,0.413043478261,0.0910518053375,0.0836839644694,0.107308048104,0.0732436472347,0.285714285714
2,0.888059701493,0.908256880734,0.782608695652,0.544937205651,0.506311360449,0.560592044403,0.397110114599,0.392857142857
3,0.798507462687,0.770642201835,0.608695652174,0.378532182104,0.386629266012,0.369102682701,0.342301943199,0.321428571429
1,0.791044776119,0.770642201835,0.739130434783,0.366758241758,0.367461430575,0.404255319149,0.292476332835,0.5
2,0.791044776119,0.788990825688,0.673913043478,0.395800627943,0.405797101449,0.385753931545,0.297458893871,0.642857142857
1,0.731343283582,0.733944954128,0.760869565217,0.362833594976,0.330060776064,0.290471785384,0.372197309417,0.535714285714
2,0.731343283582,0.715596330275,0.630434782609,0.323390894819,0.317905563347,0.379278445883,0.24514200299,0.321428571429
2,0.679104477612,0.669724770642,0.54347826087,0.264913657771,0.238896680692,0.260869565217,0.207772795217,0.285714285714
2,0.679104477612,0.651376146789,0.521739130435,0.272566718995,0.281439925199,0.357076780759,0.197807673144,0.321428571429
2,0.776119402985,0.807339449541,0.760869565217,0.503532182104,0.388031790556,0.413506012951,0.481813652217,0.428571428571
2,0.813432835821,0.761467889908,0.826086956522,0.480180533752,0.355306217859,0.49861239593,0.431988041854,0.785714285714
1,0.798507462687,0.788990825688,0.717391304348,0.487637362637,0.507713884993,0.548566142461,0.342301943199,0.392857142857
1,0.149253731343,0.128440366972,0.130434782609,0.00863422291994,0.00794763908368,0.0101757631822,0.00348779272546,0.107142857143
2,0.731343283582,0.825688073394,0.869565217391,0.500196232339,0.467508181393,0.515263644773,0.352267065272,0.392857142857
2,0.902985074627,0.94495412844,0.847826086957,0.722135007849,0.583450210379,0.753931544866,0.646238166418,0.678571428571
1,0.388059701493,0.357798165138,0.347826086957,0.070251177394,0.0696587190276,0.0758556891767,0.0582959641256,0.214285714286
2,0.850746268657,0.862385321101,0.782608695652,0.573587127159,0.61757830762,0.63459759482,0.431988041854,0.642857142857
1,0.828358208955,0.825688073394,0.934782608696,0.597723704867,0.522674146798,0.616096207216,0.446935724963,0.5
1,0.522388059701,0.54128440367,0.413043478261,0.153453689168,0.120617110799,0.115633672525,0.162929745889,0.285714285714
2,0.619402985075,0.596330275229,0.586956521739,0.263147566719,0.231884057971,0.333950046253,0.207772795217,0.321428571429
3,0.671641791045,0.642201834862,0.608695652174,0.311224489796,0.286582515194,0.378353376503,0.252615844544,0.464285714286
3,0.679104477612,0.669724770642,0.760869565217,0.294348508634,0.27863487611,0.287696577243,0.20279023418,0.678571428571
1,0.776119402985,0.733944954128,0.804347826087,0.521389324961,0.428705002338,0.597594819611,0.342301943199,0.642857142857
2,0.761194029851,0.724770642202,0.652173913043,0.421899529042,0.466105656849,0.530989824237,0.247633283508,0.321428571429
1,0.589552238806,0.605504587156,0.54347826087,0.23057299843,0.257597007948,0.221091581869,0.167912306926,0.25
2,0.858208955224,0.862385321101,0.717391304348,0.557496075353,0.569424964937,0.553191489362,0.441953163926,0.678571428571
2,0.664179104478,0.642201834862,0.478260869565,0.245290423862,0.246376811594,0.260869565217,0.178873941206,0.357142857143
1,0.820895522388,0.816513761468,0.804347826087,0.536499215071,0.548387096774,0.403330249769,0.367214748381,0.571428571429
1,0.649253731343,0.633027522936,0.521739130435,0.251766091052,0.25151940159,0.307123034228,0.20279023418,0.392857142857
1,0.619402985075,0.669724770642,0.5,0.238226059655,0.222533894343,0.264569842738,0.217737917289,0.464285714286
2,0.858208955224,0.899082568807,0.95652173913,0.686813186813,0.523141654979,0.534690101758,0.810662680618,0.535714285714
1,0.813432835821,0.788990825688,0.847826086957,0.477629513344,0.361383824217,0.462534690102,0.38216243149,0.464285714286
2,0.664179104478,0.642201834862,0.45652173913,0.303767660911,0.298270219729,0.340425531915,0.217737917289,0.25
1,0.492537313433,0.45871559633,0.326086956522,0.101452119309,0.106124357176,0.109158186864,0.0832087693074,0.25
2,0.679104477612,0.660550458716,0.652173913043,0.306514913658,0.273492286115,0.291396854764,0.242650722471,0.5
1,0.783582089552,0.807339449541,0.673913043478,0.486459968603,0.452547919589,0.512488436633,0.337319382162,0.5
2,0.731343283582,0.798165137615,0.630434782609,0.36204866562,0.377746610566,0.405180388529,0.252615844544,0.357142857143
2,0.828358208955,0.816513761468,0.760869565217,0.541993720565,0.503973819542,0.612395929695,0.377179870453,0.321428571429
1,0.559701492537,0.51376146789,0.565217391304,0.180729984301,0.152407667134,0.139685476411,0.14798206278,0.464285714286
3,0.425373134328,0.412844036697,0.413043478261,0.0773155416013,0.0640486208509,0.0823311748381,0.0782262082711,0.285714285714
2,0.813432835821,0.770642201835,0.717391304348,0.398155416013,0.406264609631,0.395004625347,0.322371699053,0.321428571429
2,0.902985074627,0.908256880734,0.717391304348,0.704866562009,0.761103319308,0.72525439408,0.451918285999,0.642857142857
2,0.671641791045,0.596330275229,0.565217391304,0.237244897959,0.180458158018,0.27197039778,0.207772795217,0.464285714286
1,0.820895522388,0.825688073394,0.891304347826,0.566522762951,0.462833099579,0.530064754857,0.431988041854,0.75
1,0.611940298507,0.623853211009,0.565217391304,0.246271585557,0.212716222534,0.234042553191,0.222720478326,0.464285714286
3,0.335820895522,0.302752293578,0.304347826087,0.0467032967033,0.0434782608696,0.0767807585569,0.0333831589437,0.142857142857
1,0.679104477612,0.669724770642,0.673913043478,0.350274725275,0.297335203366,0.441258094357,0.242650722471,0.357142857143
2,0.820895522388,0.816513761468,0.608695652174,0.373233908948,0.321178120617,0.412580943571,0.302441454908,0.5
2,0.850746268657,0.908256880734,0.717391304348,0.506083202512,0.532024310425,0.562442183164,0.32735426009,0.464285714286
2,0.738805970149,0.733944954128,0.673913043478,0.415031397174,0.410472183263,0.405180388529,0.282511210762,0.464285714286
1,0.694029850746,0.669724770642,0.54347826087,0.316130298273,0.324918186068,0.331174838113,0.232685600399,0.357142857143
1,0.462686567164,0.449541284404,0.369565217391,0.0934065934066,0.0818139317438,0.108233117484,0.0832087693074,0.285714285714
1,0.731343283582,0.678899082569,0.54347826087,0.317700156986,0.317905563347,0.308973172988,0.252615844544,0.5
2,0.619402985075,0.614678899083,0.54347826087,0.22625588697,0.229546517064,0.22664199815,0.197807673144,0.428571428571
2,0.746268656716,0.743119266055,0.673913043478,0.440345368917,0.278167367929,0.329324699352,0.43697060289,0.428571428571
2,0.44776119403,0.43119266055,0.45652173913,0.105376766091,0.0860215053763,0.121184088807,0.0866965620329,0.321428571429
1,0.835820895522,0.862385321101,0.847826086957,0.581632653061,0.51332398317,0.575393154487,0.427005480817,0.678571428571
2,0.813432835821,0.853211009174,0.934782608696,0.463697017268,0.35250116877,0.49861239593,0.392127553563,0.785714285714
1,0.679104477612,0.697247706422,0.630434782609,0.273547880691,0.26834969612,0.294172062905,0.20279023418,0.321428571429
1,0.880597014925,0.889908256881,0.717391304348,0.527864992151,0.462365591398,0.469010175763,0.412057797708,0.571428571429
3,0.268656716418,0.256880733945,0.260869565217,0.0280612244898,0.0229079008883,0.0360777058279,0.023418036871,0.178571428571
1,0.746268656716,0.733944954128,0.586956521739,0.456436420722,0.542309490416,0.419981498612,0.297458893871,0.464285714286
2,0.820895522388,0.788990825688,0.782608695652,0.460164835165,0.409069658719,0.425531914894,0.417040358744,0.571428571429
2,0.641791044776,0.633027522936,0.5,0.228021978022,0.229079008883,0.239592969473,0.172894867962,0.214285714286
1,0.559701492537,0.54128440367,0.521739130435,0.179748822606,0.161757830762,0.204440333025,0.133034379671,0.25
2,0.783582089552,0.779816513761,0.608695652174,0.40306122449,0.381019167835,0.49953746531,0.292476332835,0.535714285714
2,0.880597014925,0.917431192661,0.804347826087,0.563775510204,0.542309490416,0.654024051804,0.357249626308,0.571428571429
2,0.567164179104,0.54128440367,0.565217391304,0.202708006279,0.205703599813,0.233117483811,0.133034379671,0.321428571429
3,0.231343283582,0.220183486239,0.239130434783,0.0245290423862,0.0233754090697,0.0185013876041,0.0184354758346,0.142857142857
2,0.805970149254,0.862385321101,0.630434782609,0.406789638932,0.398316970547,0.427382053654,0.342301943199,0.357142857143
1,0.559701492537,0.54128440367,0.391304347826,0.143445839874,0.136044880785,0.186864014801,0.118086696562,0.321428571429
1,0.798507462687,0.788990825688,0.695652173913,0.400510204082,0.390836839645,0.444033302498,0.357249626308,0.392857142857
2,0.402985074627,0.357798165138,0.347826086957,0.078885400314,0.0719962599345,0.108233117484,0.0533134030892,0.178571428571
3,0.0820895522388,0.0825688073394,0.0869565217391,0.00431711145997,0.00327255726975,0.00462534690102,0.00249128051819,0.0714285714286
2,0.902985074627,0.908256880734,0.869565217391,0.683869701727,0.557737260402,0.563367252544,0.621325361236,0.571428571429
3,0.201492537313,0.174311926606,0.173913043478,0.0156985871272,0.015427769986,0.0222016651249,0.0134529147982,0.107142857143
2,0.626865671642,0.633027522936,0.630434782609,0.25215855573,0.225338943432,0.244218316374,0.20279023418,0.571428571429
2,0.910447761194,0.899082568807,0.739130434783,0.693092621664,0.699859747546,0.724329324699,0.481813652217,0.535714285714
3,0.417910447761,0.412844036697,0.326086956522,0.113226059655,0.0878915381019,0.0721554116559,0.113104135526,0.214285714286
3,0.60447761194,0.577981651376,0.478260869565,0.200941915228,0.193080878915,0.241443108233,0.152964623817,0.428571428571
2,0.611940298507,0.623853211009,0.652173913043,0.258241758242,0.230481533427,0.235892691952,0.232685600399,0.464285714286
3,0.522388059701,0.596330275229,0.413043478261,0.127354788069,0.119214586255,0.144310823312,0.0981564524165,0.321428571429
3,0.417910447761,0.403669724771,0.347826086957,0.0977237048666,0.0897615708275,0.0971322849214,0.0782262082711,0.214285714286
1,0.761194029851,0.743119266055,0.760869565217,0.361067503925,0.33894343151,0.393154486586,0.282511210762,0.321428571429
1,0.716417910448,0.678899082569,0.521739130435,0.300039246468,0.245909303413,0.309898242368,0.27254608869,0.428571428571
3,0.492537313433,0.449541284404,0.478260869565,0.126373626374,0.11734455353,0.128584643848,0.108121574489,0.214285714286
1,0.768656716418,0.761467889908,0.739130434783,0.440149136578,0.392239364189,0.518038852914,0.357249626308,0.428571428571
1,0.544776119403,0.56880733945,0.5,0.201726844584,0.200561009818,0.209990749306,0.152964623817,0.321428571429
2,0.455223880597,0.43119266055,0.413043478261,0.100078492936,0.0916316035531,0.0934320074006,0.0832087693074,0.321428571429
3,0.305970149254,0.275229357798,0.304347826087,0.0490580847724,0.0476858345021,0.0712303422757,0.0403587443946,0.285714285714
2,0.89552238806,0.899082568807,0.804347826087,0.679945054945,0.639083683964,0.68270120259,0.60139511709,0.678571428571
2,0.723880597015,0.706422018349,0.565217391304,0.363618524333,0.356708742403,0.346901017576,0.297458893871,0.357142857143
2,0.634328358209,0.587155963303,0.565217391304,0.236263736264,0.225338943432,0.260869565217,0.176880916791,0.5
2,0.888059701493,0.889908256881,0.673913043478,0.588500784929,0.483403459561,0.661424606846,0.501743896363,0.464285714286
2,0.5,0.48623853211,0.45652173913,0.151098901099,0.153342683497,0.185013876041,0.0966616841056,0.357142857143
2,0.373134328358,0.376146788991,0.347826086957,0.0743720565149,0.0785413744741,0.0656799259944,0.0602889885401,0.214285714286
1,0.761194029851,0.770642201835,0.478260869565,0.370094191523,0.38242169238,0.390379278446,0.277528649726,0.464285714286
1,0.634328358209,0.660550458716,0.673913043478,0.26942700157,0.231884057971,0.254394079556,0.247633283508,0.428571428571
2,0.641791044776,0.651376146789,0.608695652174,0.251962323391,0.265544647031,0.267345050879,0.207772795217,0.357142857143
1,0.723880597015,0.697247706422,0.739130434783,0.348116169545,0.33567087424,0.376503237743,0.247633283508,0.357142857143
2,0.701492537313,0.678899082569,0.5,0.300627943485,0.273959794296,0.275670675301,0.25759840558,0.535714285714
1,0.932835820896,0.963302752294,0.847826086957,0.835164835165,0.692379616643,0.905642923219,0.576482311908,0.678571428571
2,0.559701492537,0.559633027523,0.5,0.195251177394,0.189340813464,0.18408880666,0.167912306926,0.428571428571
1,0.634328358209,0.642201834862,0.630434782609,0.302197802198,0.322580645161,0.283071230342,0.242650722471,0.392857142857
2,0.574626865672,0.550458715596,0.521739130435,0.17896389325,0.178588125292,0.194264569843,0.128051818635,0.428571428571
2,0.731343283582,0.706422018349,0.652173913043,0.358320251177,0.330060776064,0.357076780759,0.317389138017,0.392857142857
1,0.791044776119,0.761467889908,0.652173913043,0.459772370487,0.464235624123,0.444033302498,0.342301943199,0.392857142857
1,0.828358208955,0.788990825688,0.717391304348,0.509419152276,0.404394576905,0.54394079556,0.456900847035,0.785714285714
2,0.619402985075,0.587155963303,0.608695652174,0.225078492936,0.20476858345,0.265494912118,0.187842551071,0.285714285714
2,0.783582089552,0.825688073394,0.782608695652,0.442307692308,0.409069658719,0.472710453284,0.357249626308,0.428571428571
1,0.858208955224,0.853211009174,0.782608695652,0.526883830455,0.484338475923,0.565217391304,0.443447932237,0.535714285714
1,0.582089552239,0.559633027523,0.413043478261,0.168367346939,0.159887798036,0.197039777983,0.172894867962,0.285714285714
2,0.671641791045,0.706422018349,0.608695652174,0.329866562009,0.343618513324,0.366327474561,0.237668161435,0.392857142857
2,0.619402985075,0.587155963303,0.54347826087,0.239599686028,0.237961664329,0.187789084181,0.217737917289,0.357142857143
2,0.544776119403,0.522935779817,0.413043478261,0.142072213501,0.13744740533,0.148011100833,0.115595416044,0.25
3,0.126865671642,0.119266055046,0.108695652174,0.0074568288854,0.00607760635811,0.00740055504163,0.00348779272546,0.142857142857
1,0.716417910448,0.724770642202,0.717391304348,0.342229199372,0.30528284245,0.372802960222,0.302441454908,0.321428571429
2,0.597014925373,0.614678899083,0.478260869565,0.207417582418,0.198690977092,0.212765957447,0.167912306926,0.321428571429
2,0.485074626866,0.48623853211,0.434782608696,0.137755102041,0.130434782609,0.18131359852,0.0981564524165,0.25
3,0.44776119403,0.403669724771,0.347826086957,0.0926216640502,0.0995792426367,0.099907493062,0.0682610861983,0.178571428571
2,0.440298507463,0.43119266055,0.45652173913,0.0973312401884,0.102851799906,0.104532839963,0.0732436472347,0.285714285714
2,0.485074626866,0.495412844037,0.478260869565,0.124215070644,0.124357176251,0.103607770583,0.0931738913802,0.25
1,0.544776119403,0.522935779817,0.413043478261,0.156985871272,0.121084618981,0.175763182239,0.162929745889,0.321428571429
3,0.410447761194,0.376146788991,0.369565217391,0.0820251177394,0.0794763908368,0.102682701203,0.0662680617838,0.214285714286
2,0.298507462687,0.256880733945,0.260869565217,0.030612244898,0.0280504908836,0.0388529139685,0.023418036871,0.142857142857
1,0.432835820896,0.440366972477,0.304347826087,0.0994897959184,0.0897615708275,0.0786308973173,0.0981564524165,0.214285714286
1,0.940298507463,0.926605504587,0.913043478261,0.776687598116,0.763440860215,0.569842738205,0.755854509218,0.464285714286
3,0.529850746269,0.522935779817,0.478260869565,0.139521193093,0.140252454418,0.118408880666,0.102640757349,0.285714285714
1,0.619402985075,0.623853211009,0.565217391304,0.214678178964,0.206171107994,0.234967622572,0.14798206278,0.357142857143
1,0.55223880597,0.54128440367,0.478260869565,0.172880690738,0.178588125292,0.175763182239,0.133034379671,0.25
2,0.589552238806,0.550458715596,0.391304347826,0.185832025118,0.155680224404,0.148011100833,0.182859990035,0.321428571429
3,0.611940298507,0.550458715596,0.521739130435,0.227237048666,0.22814399252,0.243293246994,0.165919282511,0.392857142857
3,0.462686567164,0.43119266055,0.326086956522,0.0975274725275,0.103786816269,0.111933395005,0.0782262082711,0.25
1,0.589552238806,0.559633027523,0.54347826087,0.195839874411,0.154745208041,0.211840888067,0.162929745889,0.321428571429
3,0.425373134328,0.385321100917,0.369565217391,0.0900706436421,0.0972417017298,0.0841813135985,0.0732436472347,0.214285714286
2,0.634328358209,0.633027522936,0.586956521739,0.246467817896,0.217858812529,0.270120259019,0.227703039362,0.392857142857
1,0.694029850746,0.669724770642,0.630434782609,0.289050235479,0.327723235157,0.280296022202,0.212755356253,0.392857142857
2,0.783582089552,0.761467889908,0.608695652174,0.361067503925,0.338475923329,0.358001850139,0.302441454908,0.321428571429
1,0.701492537313,0.743119266055,0.652173913043,0.351452119309,0.317905563347,0.305272895467,0.342301943199,0.321428571429
2,0.589552238806,0.54128440367,0.586956521739,0.202315541601,0.173913043478,0.22756706753,0.177877428999,0.357142857143
2,0.865671641791,0.834862385321,0.630434782609,0.505298273155,0.498831229547,0.527289546716,0.407075236672,0.357142857143
2,0.679104477612,0.697247706422,0.695652173913,0.319270015699,0.278167367929,0.285846438483,0.27254608869,0.428571428571
1,0.544776119403,0.550458715596,0.5,0.186616954474,0.122487143525,0.149861239593,0.187842551071,0.285714285714
1,0.798507462687,0.816513761468,1.0,0.643642072214,0.49649368864,0.617946345976,0.686098654709,0.607142857143
2,0.634328358209,0.623853211009,0.565217391304,0.280023547881,0.294997662459,0.324699352451,0.237668161435,0.321428571429
1,0.723880597015,0.724770642202,0.760869565217,0.419152276295,0.354838709677,0.322849213691,0.407075236672,0.642857142857
2,0.686567164179,0.697247706422,0.652173913043,0.317307692308,0.294062646096,0.331174838113,0.237668161435,0.321428571429
1,0.514925373134,0.495412844037,0.45652173913,0.112441130298,0.0925666199158,0.104532839963,0.111609367215,0.5
1,0.425373134328,0.440366972477,0.413043478261,0.0937990580848,0.0799438990182,0.0971322849214,0.0931738913802,0.25
1,0.798507462687,0.779816513761,0.608695652174,0.470172684458,0.522674146798,0.4532839963,0.277528649726,0.464285714286
3,0.328358208955,0.293577981651,0.326086956522,0.0494505494505,0.0448807854137,0.0619796484736,0.0383657199801,0.178571428571
2,0.970149253731,0.926605504587,0.869565217391,0.839481946625,0.606825619448,0.735430157262,1.0,0.607142857143
2,0.798507462687,0.788990825688,0.673913043478,0.427590266876,0.366993922394,0.449583718779,0.32735426009,0.607142857143
1,0.828358208955,0.844036697248,0.652173913043,0.397959183673,0.393174380552,0.450508788159,0.352267065272,0.642857142857
1,0.641791044776,0.642201834862,0.434782608696,0.244505494505,0.284244974287,0.295097132285,0.172894867962,0.285714285714
2,0.753731343284,0.733944954128,0.478260869565,0.420525902669,0.446937821412,0.505087881591,0.262580966617,0.321428571429
1,0.723880597015,0.724770642202,0.717391304348,0.395996860283,0.357643758766,0.381128584644,0.367214748381,0.5
3,0.477611940299,0.440366972477,0.391304347826,0.105769230769,0.124357176251,0.059204440333,0.0832087693074,0.321428571429
1,0.776119402985,0.770642201835,0.565217391304,0.369701726845,0.338008415147,0.348751156337,0.312406576981,0.285714285714
1,0.417910447761,0.43119266055,0.347826086957,0.127747252747,0.124357176251,0.158186864015,0.0881913303438,0.285714285714
3,0.589552238806,0.577981651376,0.478260869565,0.183869701727,0.171575502571,0.194264569843,0.152964623817,0.392857142857
1,0.567164179104,0.56880733945,0.369565217391,0.200941915228,0.208976157083,0.185938945421,0.14798206278,0.5
3,0.559701492537,0.550458715596,0.434782608696,0.179160125589,0.180458158018,0.123034227567,0.138016940708,0.25
2,0.84328358209,0.889908256881,0.717391304348,0.4784144427,0.475923328658,0.478260869565,0.387144992526,0.5
2,0.671641791045,0.660550458716,0.695652173913,0.325941915228,0.256661991585,0.310823311748,0.307424015944,0.428571428571
3,0.791044776119,0.807339449541,0.586956521739,0.412872841444,0.344086021505,0.416281221092,0.357249626308,0.392857142857
1,0.686567164179,0.706422018349,0.608695652174,0.264717425432,0.238429172511,0.256244218316,0.25759840558,0.392857142857
2,0.65671641791,0.642201834862,0.478260869565,0.252747252747,0.269752220664,0.259019426457,0.174887892377,0.321428571429
1,0.417910447761,0.412844036697,0.369565217391,0.0955651491366,0.0883590462833,0.113783533765,0.0732436472347,0.357142857143
3,0.544776119403,0.532110091743,0.478260869565,0.142464678179,0.153810191678,0.152636447734,0.108121574489,0.214285714286
2,0.723880597015,0.724770642202,0.652173913043,0.40090266876,0.400187003273,0.494912118409,0.297458893871,0.321428571429
3,0.291044776119,0.266055045872,0.260869565217,0.0384615384615,0.0308555399719,0.0444033302498,0.0333831589437,0.142857142857
2,0.679104477612,0.660550458716,0.608695652174,0.304356357928,0.220663861618,0.260869565217,0.32735426009,0.678571428571
2,0.641791044776,0.587155963303,0.739130434783,0.222135007849,0.216456287985,0.275670675301,0.167912306926,0.392857142857
1,0.746268656716,0.678899082569,0.565217391304,0.338108320251,0.366526414212,0.419056429232,0.197807673144,0.357142857143
3,0.425373134328,0.412844036697,0.347826086957,0.087715855573,0.0818139317438,0.0730804810361,0.0881913303438,0.25
1,0.768656716418,0.770642201835,0.586956521739,0.412480376766,0.411874707807,0.483811285846,0.322371699053,0.5
2,0.761194029851,0.697247706422,0.717391304348,0.384615384615,0.378214118747,0.460684551341,0.267563527653,0.321428571429
1,0.514925373134,0.51376146789,0.45652173913,0.144034536892,0.158952781674,0.130434782609,0.118086696562,0.25
2,0.873134328358,0.871559633028,0.695652173913,0.519623233909,0.484338475923,0.484736355227,0.43697060289,0.428571428571
2,0.708955223881,0.688073394495,0.565217391304,0.279238618524,0.238896680692,0.343200740056,0.222720478326,0.285714285714
3,0.664179104478,0.633027522936,0.586956521739,0.258241758242,0.248714352501,0.194264569843,0.217737917289,0.428571428571
1,0.559701492537,0.532110091743,0.413043478261,0.160714285714,0.167367928939,0.207215541166,0.133034379671,0.214285714286
1,0.402985074627,0.366972477064,0.347826086957,0.0779042386185,0.0869565217391,0.0536540240518,0.0612855007474,0.285714285714
3,0.649253731343,0.633027522936,0.608695652174,0.291601255887,0.266947171576,0.308973172988,0.232685600399,0.428571428571
2,0.746268656716,0.724770642202,0.652173913043,0.382849293564,0.292192613371,0.426456984274,0.32735426009,0.392857142857
3,0.65671641791,0.633027522936,0.478260869565,0.257849293564,0.251986909771,0.330249768733,0.167912306926,0.428571428571
3,0.253731343284,0.247706422018,0.217391304348,0.032967032967,0.0383356708742,0.0249768732655,0.023418036871,0.107142857143
2,0.664179104478,0.678899082569,0.673913043478,0.387166405024,0.369331463301,0.415356151711,0.317389138017,0.535714285714
2,0.664179104478,0.651376146789,0.630434782609,0.28453689168,0.271154745208,0.338575393154,0.232685600399,0.392857142857
2,0.828358208955,0.816513761468,0.695652173913,0.514717425432,0.522206638616,0.493061979648,0.397110114599,0.678571428571
1,0.440298507463,0.385321100917,0.282608695652,0.0832025117739,0.083216456288,0.0934320074006,0.0682610861983,0.178571428571
1,0.768656716418,0.724770642202,0.760869565217,0.502747252747,0.441327723235,0.509713228492,0.422022919781,0.535714285714
1,0.828358208955,0.779816513761,0.586956521739,0.396193092622,0.395044413277,0.437557816836,0.302441454908,0.392857142857
1,0.776119402985,0.752293577982,0.717391304348,0.436813186813,0.374474053296,0.469010175763,0.387144992526,0.428571428571
3,0.753731343284,0.715596330275,0.608695652174,0.347135007849,0.357176250584,0.385753931545,0.252615844544,0.357142857143
3,0.671641791045,0.651376146789,0.717391304348,0.342229199372,0.334268349696,0.382053654024,0.20279023418,0.607142857143
2,0.992537313433,1.0,0.804347826087,0.773940345369,0.558204768583,0.754856614246,0.706028898854,0.535714285714
1,0.708955223881,0.651376146789,0.5,0.297684458399,0.233286582515,0.301572617946,0.192825112108,0.464285714286
1,0.679104477612,0.660550458716,0.565217391304,0.283359497645,0.289387564282,0.308973172988,0.20279023418,0.321428571429
3,0.664179104478,0.651376146789,0.478260869565,0.23273155416,0.222066386162,0.204440333025,0.187842551071,0.25
1,0.731343283582,0.697247706422,0.760869565217,0.384419152276,0.306685366994,0.250693802035,0.387144992526,0.428571428571
1,0.865671641791,0.889908256881,0.891304347826,0.722919937206,0.693314633006,0.604070305273,0.581464872945,0.75
2,0.589552238806,0.559633027523,0.478260869565,0.186616954474,0.195885928004,0.194264569843,0.14798206278,0.321428571429
1,0.701492537313,0.651376146789,0.565217391304,0.244505494505,0.207573632539,0.295097132285,0.232685600399,0.428571428571
1,0.55223880597,0.54128440367,0.45652173913,0.141091051805,0.145395044413,0.127659574468,0.11509715994,0.25
1,0.410447761194,0.403669724771,0.434782608696,0.114010989011,0.113604488079,0.116558741906,0.0886895864474,0.25
3,0.746268656716,0.733944954128,0.739130434783,0.333791208791,0.280972417017,0.336725254394,0.297458893871,0.428571428571
2,0.820895522388,0.844036697248,0.608695652174,0.486459968603,0.488546049556,0.566142460685,0.357249626308,0.5
3,0.432835820896,0.440366972477,0.369565217391,0.0973312401884,0.0995792426367,0.099907493062,0.0782262082711,0.285714285714
2,0.873134328358,0.871559633028,0.760869565217,0.528453689168,0.460028050491,0.45235892692,0.486796213254,0.392857142857
1,0.485074626866,0.48623853211,0.369565217391,0.118131868132,0.123889668069,0.110083256244,0.0981564524165,0.214285714286
2,0.731343283582,0.724770642202,0.804347826087,0.393053375196,0.378681626928,0.462534690102,0.282511210762,0.5
2,0.55223880597,0.495412844037,0.5,0.177786499215,0.165965404395,0.207215541166,0.138016940708,0.285714285714
3,0.582089552239,0.596330275229,0.521739130435,0.177394034537,0.176250584385,0.147086031452,0.152964623817,0.357142857143
1,0.462686567164,0.467889908257,0.391304347826,0.110871271586,0.098644226274,0.13783533765,0.0981564524165,0.357142857143
3,0.611940298507,0.614678899083,0.5,0.231161695447,0.267414679757,0.259944495837,0.118086696562,0.285714285714
1,0.440298507463,0.412844036697,0.391304347826,0.0981161695447,0.098644226274,0.109158186864,0.0722471350274,0.25
2,0.738805970149,0.724770642202,0.717391304348,0.374215070644,0.354371201496,0.307123034228,0.292476332835,0.607142857143
1,0.932835820896,0.880733944954,0.652173913043,0.676412872841,0.588125292193,0.486586493987,0.536621823617,0.642857142857
1,0.873134328358,0.899082568807,0.760869565217,0.51726844584,0.495091164095,0.486586493987,0.451918285999,0.535714285714
3,0.902985074627,0.871559633028,0.760869565217,0.434654631083,0.4095371669,0.45235892692,0.337319382162,0.321428571429
2,0.694029850746,0.770642201835,0.630434782609,0.476844583987,0.495091164095,0.567992599445,0.337319382162,0.535714285714
2,0.813432835821,0.761467889908,0.565217391304,0.404434850863,0.336138382422,0.413506012951,0.357249626308,0.5
2,0.686567164179,0.660550458716,0.695652173913,0.344191522763,0.274894810659,0.36262719704,0.282511210762,0.321428571429
1,0.985074626866,0.981651376147,0.934782608696,0.688383045526,0.594670406732,0.629047178538,0.576482311908,0.714285714286
2,0.798507462687,0.807339449541,0.760869565217,0.434262166405,0.34548854605,0.579093432007,0.32735426009,0.392857142857
2,0.574626865672,0.587155963303,0.478260869565,0.179945054945,0.165030388032,0.202590194265,0.14798206278,0.214285714286
2,0.84328358209,0.853211009174,0.717391304348,0.489010989011,0.39597942964,0.479185938945,0.476831091181,0.392857142857
2,0.731343283582,0.724770642202,0.652173913043,0.311224489796,0.336138382422,0.286771507863,0.227703039362,0.392857142857
1,0.708955223881,0.697247706422,0.586956521739,0.330062794349,0.305750350631,0.353376503238,0.252615844544,0.5
2,0.746268656716,0.743119266055,0.760869565217,0.428571428571,0.418419822347,0.400555041628,0.342301943199,0.5
2,0.694029850746,0.770642201835,0.630434782609,0.363422291994,0.367461430575,0.358001850139,0.25759840558,0.357142857143
3,0.246268656716,0.220183486239,0.152173913043,0.0266875981162,0.028517999065,0.0425531914894,0.0184354758346,0.142857142857
2,0.589552238806,0.559633027523,0.521739130435,0.184458398744,0.169237961664,0.209990749306,0.14798206278,0.321428571429
2,0.791044776119,0.807339449541,0.695652173913,0.485282574568,0.492753623188,0.45513413506,0.387144992526,0.464285714286
1,0.850746268657,0.844036697248,1.0,0.604199372057,0.43945769051,0.68177613321,0.531639262581,0.428571428571
2,0.783582089552,0.770642201835,0.608695652174,0.394623233909,0.41280972417,0.40795559667,0.277528649726,0.5
2,0.679104477612,0.660550458716,0.45652173913,0.231357927786,0.216923796166,0.292321924144,0.177877428999,0.357142857143
1,0.186567164179,0.155963302752,0.195652173913,0.0129513343799,0.0126227208976,0.0138760407031,0.00847035376183,0.142857142857
1,0.485074626866,0.43119266055,0.45652173913,0.108908948195,0.103319308088,0.105457909343,0.0732436472347,0.285714285714
3,0.425373134328,0.376146788991,0.347826086957,0.0692700156986,0.0593735390369,0.0675300647549,0.0732436472347,0.214285714286
1,0.522388059701,0.495412844037,0.369565217391,0.147762951334,0.158485273492,0.147086031452,0.0981564524165,0.214285714286
2,0.723880597015,0.733944954128,0.782608695652,0.279434850863,0.263674614306,0.237742830712,0.27254608869,0.285714285714
3,0.708955223881,0.678899082569,0.608695652174,0.315541601256,0.350631136045,0.315448658649,0.242650722471,0.464285714286
2,0.768656716418,0.752293577982,0.608695652174,0.390502354788,0.365591397849,0.45420906568,0.337319382162,0.392857142857
2,0.34328358209,0.321100917431,0.304347826087,0.0604395604396,0.0621785881253,0.0629047178538,0.0463378176383,0.214285714286
2,0.89552238806,0.880733944954,0.652173913043,0.552590266876,0.552594670407,0.586493987049,0.417040358744,0.535714285714
3,0.626865671642,0.614678899083,0.5,0.260400313972,0.264609630669,0.298797409806,0.197807673144,0.357142857143
3,0.0522388059701,0.0642201834862,0.0869565217391,0.00235478806907,0.00140252454418,0.00277520814061,0.00149476831091,0.0714285714286
1,0.701492537313,0.669724770642,0.565217391304,0.293759811617,0.230481533427,0.239592969473,0.252615844544,0.75
1,0.805970149254,0.779816513761,0.739130434783,0.454277864992,0.452080411407,0.399629972248,0.322371699053,0.428571428571
2,0.65671641791,0.678899082569,0.565217391304,0.299843014129,0.283309957924,0.31822386679,0.252615844544,0.464285714286
2,0.507462686567,0.495412844037,0.413043478261,0.148351648352,0.148200093502,0.144310823312,0.118086696562,0.392857142857
1,0.798507462687,0.770642201835,0.673913043478,0.437205651491,0.39925198691,0.40703052729,0.312406576981,0.5
1,0.574626865672,0.596330275229,0.54347826087,0.188383045526,0.192613370734,0.22571692877,0.142999501744,0.321428571429
1,0.731343283582,0.752293577982,0.717391304348,0.389717425432,0.363253856942,0.337650323774,0.367214748381,0.5
1,0.320895522388,0.321100917431,0.282608695652,0.0449372056515,0.039270687237,0.0462534690102,0.0383657199801,0.214285714286
2,0.798507462687,0.770642201835,0.565217391304,0.44387755102,0.492286115007,0.434782608696,0.347284504235,0.357142857143
2,0.589552238806,0.56880733945,0.413043478261,0.164246467818,0.151472650771,0.190564292322,0.138016940708,0.285714285714
1,0.589552238806,0.596330275229,0.586956521739,0.229395604396,0.222066386162,0.265494912118,0.182859990035,0.25
3,0.380597014925,0.366972477064,0.326086956522,0.0641679748823,0.0579710144928,0.0712303422757,0.0582959641256,0.25
2,0.917910447761,0.926605504587,0.891304347826,0.673861852433,0.634876110332,0.552266419981,0.466865969108,0.571428571429
2,0.619402985075,0.56880733945,0.586956521739,0.248233908948,0.185600748013,0.299722479186,0.217737917289,0.321428571429
1,0.813432835821,0.752293577982,0.782608695652,0.525706436421,0.532491818607,0.586493987049,0.352267065272,0.357142857143
2,0.634328358209,0.633027522936,0.565217391304,0.258830455259,0.238896680692,0.323774283071,0.217737917289,0.25
2,0.425373134328,0.394495412844,0.347826086957,0.0731946624804,0.0780738662927,0.0703052728955,0.0533134030892,0.142857142857
1,0.880597014925,0.862385321101,0.673913043478,0.524332810047,0.514726507714,0.660499537465,0.347284504235,0.607142857143
2,0.567164179104,0.550458715596,0.478260869565,0.175627943485,0.16456287985,0.191489361702,0.14798206278,0.285714285714
1,0.89552238806,0.862385321101,0.760869565217,0.622056514914,0.64749883123,0.620721554117,0.392127553563,0.428571428571
3,0.462686567164,0.45871559633,0.369565217391,0.0981161695447,0.0846189808322,0.100832562442,0.0881913303438,0.464285714286
2,0.813432835821,0.761467889908,0.934782608696,0.436813186813,0.35250116877,0.395929694727,0.357249626308,0.5
3,0.149253731343,0.137614678899,0.195652173913,0.0115777080063,0.00888265544647,0.0111008325624,0.01096163428,0.142857142857
1,0.686567164179,0.697247706422,0.608695652174,0.283751962323,0.250584385227,0.255319148936,0.247633283508,0.285714285714
2,0.746268656716,0.724770642202,0.695652173913,0.410321821036,0.352033660589,0.314523589269,0.38216243149,0.607142857143
3,0.716417910448,0.678899082569,0.739130434783,0.34262166405,0.344553529687,0.370027752081,0.252615844544,0.357142857143
2,0.731343283582,0.733944954128,0.608695652174,0.321232339089,0.340345956054,0.293246993525,0.25759840558,0.607142857143
3,0.425373134328,0.403669724771,0.369565217391,0.0843799058085,0.0776063581113,0.0795559666975,0.0881913303438,0.214285714286
3,0.589552238806,0.577981651376,0.565217391304,0.194858712716,0.194950911641,0.22571692877,0.142999501744,0.321428571429
2,0.701492537313,0.688073394495,0.673913043478,0.313971742543,0.273492286115,0.337650323774,0.277528649726,0.357142857143
1,0.910447761194,0.853211009174,0.608695652174,0.526295133438,0.432445067789,0.539315448659,0.397110114599,0.428571428571
1,0.738805970149,0.779816513761,0.739130434783,0.367935635793,0.372136512389,0.369102682701,0.292476332835,0.464285714286
1,0.634328358209,0.642201834862,0.565217391304,0.240777080063,0.224403927069,0.249768732655,0.20279023418,0.285714285714
1,0.44776119403,0.422018348624,0.369565217391,0.0985086342229,0.0888265544647,0.105457909343,0.090682610862,0.285714285714
1,0.298507462687,0.275229357798,0.260869565217,0.0361067503925,0.0303880317906,0.0360777058279,0.0308918784255,0.142857142857
3,0.522388059701,0.449541284404,0.369565217391,0.137166405024,0.13090229079,0.142460684551,0.118086696562,0.25
3,0.335820895522,0.321100917431,0.304347826087,0.0492543171115,0.0397381954184,0.0481036077706,0.0383657199801,0.25
2,0.828358208955,0.779816513761,0.652173913043,0.46978021978,0.491351098644,0.618871415356,0.312406576981,0.357142857143
2,0.567164179104,0.577981651376,0.413043478261,0.192503924647,0.201028517999,0.22941720629,0.133034379671,0.285714285714
2,0.731343283582,0.724770642202,0.54347826087,0.387166405024,0.360916316036,0.275670675301,0.307424015944,0.392857142857
3,0.358208955224,0.348623853211,0.326086956522,0.0555337519623,0.0486208508649,0.0869565217391,0.0483308420528,0.25
2,0.544776119403,0.522935779817,0.565217391304,0.188383045526,0.172978027115,0.199814986124,0.157947184853,0.285714285714
3,0.171641791045,0.165137614679,0.130434782609,0.0141287284144,0.0144927536232,0.0111008325624,0.0134529147982,0.107142857143
2,0.835820895522,0.880733944954,0.782608695652,0.486656200942,0.537634408602,0.456984273821,0.387144992526,0.464285714286
2,0.701492537313,0.651376146789,0.5,0.271389324961,0.277232351566,0.269195189639,0.207772795217,0.357142857143
2,0.671641791045,0.651376146789,0.54347826087,0.277276295133,0.273024777934,0.281221091582,0.232685600399,0.357142857143
2,0.619402985075,0.596330275229,0.5,0.214678178964,0.22814399252,0.197964847364,0.171898355755,0.321428571429
1,0.686567164179,0.669724770642,0.608695652174,0.27374411303,0.239831697055,0.282146160962,0.237668161435,0.392857142857
2,0.611940298507,0.56880733945,0.478260869565,0.230180533752,0.25151940159,0.241443108233,0.172894867962,0.285714285714
3,0.805970149254,0.798165137615,0.630434782609,0.387166405024,0.386629266012,0.359851988899,0.342301943199,0.428571428571
2,0.723880597015,0.688073394495,0.608695652174,0.345565149137,0.323048153343,0.31729879741,0.307424015944,0.285714285714
1,0.761194029851,0.733944954128,0.934782608696,0.413265306122,0.35577372604,0.40795559667,0.362232187344,0.5
1,0.813432835821,0.798165137615,0.782608695652,0.477237048666,0.509116409537,0.54764107308,0.352267065272,0.428571428571
1,0.597014925373,0.587155963303,0.521739130435,0.202315541601,0.193080878915,0.214616096207,0.167912306926,0.321428571429
3,0.723880597015,0.678899082569,0.565217391304,0.359301412873,0.373539036933,0.3644773358,0.25759840558,0.321428571429
2,0.753731343284,0.724770642202,0.760869565217,0.389913657771,0.367928938756,0.502312673451,0.282511210762,0.357142857143
3,0.559701492537,0.54128440367,0.565217391304,0.1852433281,0.195418419822,0.200740055504,0.125560538117,0.535714285714
1,0.350746268657,0.302752293578,0.326086956522,0.0565149136578,0.0561009817672,0.0666049953747,0.0433482810164,0.178571428571
1,0.701492537313,0.706422018349,0.478260869565,0.335361067504,0.323983169705,0.31637372803,0.237668161435,0.392857142857
2,0.791044776119,0.788990825688,0.652173913043,0.41385400314,0.345021037868,0.434782608696,0.352267065272,0.321428571429
1,0.753731343284,0.724770642202,0.717391304348,0.418367346939,0.396446937821,0.374653098982,0.317389138017,0.428571428571
2,0.940298507463,0.908256880734,0.826086956522,0.670133437991,0.590930341281,0.760407030527,0.486796213254,0.428571428571
1,0.619402985075,0.614678899083,0.565217391304,0.276687598116,0.260402057036,0.403330249769,0.177877428999,0.428571428571
2,0.686567164179,0.642201834862,0.586956521739,0.267857142857,0.253856942496,0.315448658649,0.20279023418,0.321428571429
1,0.65671641791,0.642201834862,0.521739130435,0.282574568289,0.298270219729,0.241443108233,0.207772795217,0.321428571429
2,0.850746268657,0.834862385321,0.826086956522,0.614403453689,0.579710144928,0.678075855689,0.456900847035,0.392857142857
3,0.238805970149,0.192660550459,0.130434782609,0.0180533751962,0.0163627863488,0.0323774283071,0.0134529147982,0.142857142857
2,0.701492537313,0.660550458716,0.608695652174,0.287087912088,0.260402057036,0.300647548566,0.216243148979,0.357142857143
2,0.738805970149,0.706422018349,0.5,0.338697017268,0.342683496961,0.31822386679,0.267563527653,0.392857142857
2,0.970149253731,0.954128440367,0.717391304348,0.832810047096,0.714352501169,0.834412580944,0.845540607872,0.678571428571
1,0.746268656716,0.633027522936,0.630434782609,0.365188383046,0.336138382422,0.451433857539,0.297458893871,0.571428571429
1,0.768656716418,0.715596330275,0.565217391304,0.364599686028,0.331930808789,0.432007400555,0.277528649726,0.392857142857
1,0.813432835821,0.752293577982,0.760869565217,0.499215070644,0.540439457691,0.566142460685,0.317389138017,0.392857142857
3,0.574626865672,0.550458715596,0.565217391304,0.192896389325,0.201028517999,0.245143385754,0.113104135526,0.428571428571
1,0.768656716418,0.816513761468,0.673913043478,0.432692307692,0.425899953249,0.447733580019,0.337319382162,0.5
2,0.55223880597,0.550458715596,0.608695652174,0.18956043956,0.168302945302,0.230342275671,0.152964623817,0.357142857143
1,0.626865671642,0.623853211009,0.5,0.211734693878,0.221131369799,0.247918593895,0.152964623817,0.285714285714
1,0.589552238806,0.587155963303,0.478260869565,0.21762166405,0.210378681627,0.224791859389,0.192825112108,0.392857142857
3,0.380597014925,0.366972477064,0.304347826087,0.0796703296703,0.0827489481066,0.0721554116559,0.0533134030892,0.214285714286
1,0.783582089552,0.761467889908,0.717391304348,0.432888540031,0.453950444133,0.45605920444,0.312406576981,0.5
1,0.582089552239,0.550458715596,0.413043478261,0.18740188383,0.21131369799,0.22849213691,0.123069257598,0.25
1,0.828358208955,0.798165137615,0.739130434783,0.442700156986,0.427302477793,0.510638297872,0.312406576981,0.392857142857
2,0.932835820896,0.954128440367,0.695652173913,0.513343799058,0.475455820477,0.580018501388,0.417040358744,0.464285714286
2,0.559701492537,0.51376146789,0.413043478261,0.16601255887,0.173445535297,0.167437557817,0.113104135526,0.285714285714
2,0.708955223881,0.651376146789,0.586956521739,0.324372056515,0.28845254792,0.351526364477,0.247633283508,0.428571428571
1,0.365671641791,0.348623853211,0.282608695652,0.0602433281005,0.0537634408602,0.0693802035153,0.0473343298455,0.357142857143
2,0.544776119403,0.54128440367,0.5,0.157574568289,0.162692847125,0.115633672525,0.127055306428,0.285714285714
1,0.813432835821,0.834862385321,0.717391304348,0.633045525903,0.47639083684,0.354301572618,0.671150971599,0.392857142857
1,0.746268656716,0.761467889908,0.565217391304,0.327904238619,0.324918186068,0.32007400555,0.237668161435,0.357142857143
2,0.768656716418,0.770642201835,0.652173913043,0.431514913658,0.445535296868,0.471785383904,0.292476332835,0.428571428571
2,0.828358208955,0.788990825688,0.782608695652,0.487244897959,0.432445067789,0.564292321924,0.387144992526,0.714285714286
2,0.686567164179,0.660550458716,0.760869565217,0.329474097331,0.292660121552,0.292321924144,0.297458893871,0.5
1,0.761194029851,0.733944954128,0.608695652174,0.386577708006,0.406264609631,0.382978723404,0.307424015944,0.357142857143
3,0.723880597015,0.715596330275,0.630434782609,0.342032967033,0.280037400655,0.385753931545,0.27254608869,0.535714285714
1,0.925373134328,0.926605504587,0.782608695652,0.585557299843,0.548854604956,0.632747456059,0.481813652217,0.5
1,0.94776119403,0.889908256881,0.673913043478,0.768053375196,0.715755025713,0.481961147086,0.775784753363,0.607142857143
1,0.791044776119,0.761467889908,0.739130434783,0.446821036107,0.350163627863,0.518038852914,0.38216243149,0.5
3,0.253731343284,0.256880733945,0.217391304348,0.0364992150706,0.0406732117812,0.0444033302498,0.0244145490782,0.107142857143
3,0.216417910448,0.201834862385,0.195652173913,0.0206043956044,0.0191678354371,0.0212765957447,0.0184354758346,0.142857142857
3,0.425373134328,0.403669724771,0.434782608696,0.0908555729984,0.0878915381019,0.0962072155412,0.0832087693074,0.321428571429
3,0.723880597015,0.706422018349,0.673913043478,0.313186813187,0.312295465171,0.32007400555,0.247633283508,0.392857142857
2,0.791044776119,0.816513761468,0.760869565217,0.438186813187,0.437587657784,0.477335800185,0.332336821126,0.285714285714
1,0.455223880597,0.422018348624,0.391304347826,0.103806907378,0.106591865358,0.111933395005,0.0732436472347,0.357142857143
1,0.865671641791,0.871559633028,0.717391304348,0.495094191523,0.453482935951,0.486586493987,0.412057797708,0.5
1,0.708955223881,0.642201834862,0.565217391304,0.314167974882,0.227208976157,0.301572617946,0.252615844544,0.321428571429
2,0.753731343284,0.752293577982,0.673913043478,0.431514913658,0.376811594203,0.386679000925,0.347284504235,0.357142857143
3,0.298507462687,0.275229357798,0.282608695652,0.0425824175824,0.0411407199626,0.0518038852914,0.0333831589437,0.178571428571
2,0.873134328358,0.853211009174,0.739130434783,0.593406593407,0.490883590463,0.549491211841,0.417040358744,0.642857142857
3,0.380597014925,0.357798165138,0.413043478261,0.0665227629513,0.0603085553997,0.063829787234,0.0582959641256,0.214285714286
1,0.791044776119,0.752293577982,0.673913043478,0.413657770801,0.393174380552,0.456984273821,0.337319382162,0.428571428571
2,0.776119402985,0.733944954128,0.630434782609,0.415423861852,0.479195885928,0.399629972248,0.297458893871,0.392857142857
1,0.425373134328,0.394495412844,0.391304347826,0.0843799058085,0.0818139317438,0.0906567992599,0.0697558545092,0.178571428571
2,0.559701492537,0.532110091743,0.478260869565,0.162676609105,0.153810191678,0.174838112858,0.133034379671,0.285714285714
2,0.582089552239,0.54128440367,0.45652173913,0.164442700157,0.145395044413,0.167437557817,0.132536123568,0.285714285714
2,0.492537313433,0.495412844037,0.434782608696,0.138736263736,0.140252454418,0.115633672525,0.11509715994,0.285714285714
2,0.761194029851,0.752293577982,0.695652173913,0.388343799058,0.360448807854,0.413506012951,0.262580966617,0.392857142857
2,0.820895522388,0.807339449541,0.673913043478,0.494505494505,0.47311827957,0.587419056429,0.387144992526,0.321428571429
2,0.761194029851,0.724770642202,0.695652173913,0.340070643642,0.309957924264,0.301572617946,0.267563527653,0.75
2,0.932835820896,0.97247706422,0.760869565217,0.708594976452,0.658719027583,0.593894542091,0.471848530144,1.0
3,0.462686567164,0.440366972477,0.326086956522,0.098704866562,0.0953716690042,0.105457909343,0.0832087693074,0.214285714286
2,0.694029850746,0.697247706422,0.717391304348,0.349293563579,0.300140252454,0.320999074931,0.332336821126,0.428571428571
3,0.365671641791,0.366972477064,0.391304347826,0.0680926216641,0.0673211781206,0.0758556891767,0.0632785251619,0.214285714286
1,0.291044776119,0.256880733945,0.304347826087,0.0384615384615,0.0350631136045,0.0351526364477,0.0284005979073,0.178571428571
2,0.679104477612,0.706422018349,0.54347826087,0.306711145997,0.291725105189,0.31637372803,0.216243148979,0.285714285714
2,0.559701492537,0.550458715596,0.413043478261,0.204277864992,0.220663861618,0.214616096207,0.142999501744,0.25
3,0.238805970149,0.220183486239,0.130434782609,0.0268838304553,0.0303880317906,0.0268270120259,0.0184354758346,0.142857142857
1,0.671641791045,0.697247706422,0.630434782609,0.417189952904,0.453482935951,0.430157261795,0.282511210762,0.25
3,0.664179104478,0.642201834862,0.565217391304,0.225863422292,0.186068256194,0.267345050879,0.176880916791,0.357142857143
2,0.574626865672,0.596330275229,0.521739130435,0.25,0.279569892473,0.281221091582,0.157947184853,0.357142857143
1,0.865671641791,0.871559633028,0.804347826087,0.543956043956,0.529219261337,0.505087881591,0.407075236672,0.428571428571
1,0.611940298507,0.633027522936,0.54347826087,0.259419152276,0.291725105189,0.252543940796,0.197807673144,0.321428571429
1,0.723880597015,0.743119266055,0.978260869565,0.328689167975,0.309957924264,0.289546716004,0.302441454908,0.392857142857
3,0.417910447761,0.403669724771,0.326086956522,0.085557299843,0.0850864890136,0.110083256244,0.14798206278,0.25
1,0.679104477612,0.697247706422,0.652173913043,0.345761381476,0.294530154278,0.302497687327,0.332336821126,0.5
1,0.850746268657,0.788990825688,0.891304347826,0.593406593407,0.509583917719,0.482886216466,0.631290483308,0.535714285714
3,0.559701492537,0.532110091743,0.54347826087,0.173076923077,0.183730715288,0.160962072155,0.115595416044,0.464285714286
1,0.753731343284,0.752293577982,0.586956521739,0.347331240188,0.410939691445,0.305272895467,0.262580966617,0.357142857143
2,0.873134328358,0.816513761468,0.673913043478,0.466444270016,0.427769985975,0.550416281221,0.367214748381,0.392857142857
2,0.65671641791,0.660550458716,0.565217391304,0.271389324961,0.290322580645,0.280296022202,0.197807673144,0.321428571429
1,0.783582089552,0.770642201835,0.782608695652,0.426020408163,0.37587657784,0.490286771508,0.322371699053,0.464285714286
2,0.761194029851,0.752293577982,0.565217391304,0.35557299843,0.355306217859,0.297872340426,0.312406576981,0.428571428571
3,0.291044776119,0.256880733945,0.217391304348,0.0278649921507,0.0257129499766,0.0425531914894,0.0284005979073,0.142857142857
1,0.716417910448,0.706422018349,0.608695652174,0.295525902669,0.286115007013,0.281221091582,0.25759840558,0.392857142857
1,0.634328358209,0.633027522936,0.673913043478,0.322998430141,0.236559139785,0.378353376503,0.282511210762,0.428571428571
1,0.694029850746,0.697247706422,0.739130434783,0.39010989011,0.357643758766,0.417206290472,0.322371699053,0.571428571429
3,0.537313432836,0.48623853211,0.304347826087,0.129709576138,0.137914913511,0.116558741906,0.103139013453,0.285714285714
1,0.589552238806,0.577981651376,0.521739130435,0.204277864992,0.187003272557,0.245143385754,0.162929745889,0.214285714286
1,0.828358208955,0.798165137615,0.782608695652,0.461342229199,0.460495558672,0.621646623497,0.282511210762,0.357142857143
1,0.708955223881,0.724770642202,0.521739130435,0.360282574568,0.35250116877,0.440333024977,0.287493771799,0.357142857143
1,0.305970149254,0.284403669725,0.304347826087,0.0417974882261,0.0374006545115,0.0481036077706,0.0328849028401,0.214285714286
1,0.559701492537,0.550458715596,0.45652173913,0.187205651491,0.197755960729,0.192414431082,0.14798206278,0.25
1,0.753731343284,0.724770642202,0.565217391304,0.396781789639,0.354371201496,0.398704902868,0.357249626308,0.464285714286
2,0.537313432836,0.495412844037,0.434782608696,0.169348508634,0.165497896213,0.18131359852,0.152964623817,0.214285714286
2,0.768656716418,0.733944954128,0.630434782609,0.417582417582,0.356241234222,0.419981498612,0.412057797708,0.678571428571
1,0.291044776119,0.266055045872,0.304347826087,0.0465070643642,0.0425432445068,0.0508788159112,0.0383657199801,0.178571428571
3,0.664179104478,0.678899082569,0.695652173913,0.266287284144,0.260869565217,0.320999074931,0.192825112108,0.321428571429
3,0.485074626866,0.449541284404,0.434782608696,0.12284144427,0.100981767181,0.123034227567,0.118086696562,0.285714285714
1,0.731343283582,0.706422018349,0.717391304348,0.3534144427,0.288920056101,0.356151711378,0.322371699053,0.464285714286
1,0.238805970149,0.192660550459,0.217391304348,0.0206043956044,0.0238429172511,0.0166512488437,0.0134529147982,0.107142857143
3,0.305970149254,0.284403669725,0.326086956522,0.0410125588697,0.0355306217859,0.0536540240518,0.0284005979073,0.107142857143
3,0.134328358209,0.119266055046,0.0869565217391,0.00765306122449,0.00561009817672,0.00832562442183,0.00348779272546,0.0714285714286
1,0.738805970149,0.743119266055,0.565217391304,0.373430141287,0.416549789621,0.381128584644,0.242650722471,0.392857142857
1,0.783582089552,0.807339449541,0.804347826087,0.414246467818,0.358111266947,0.350601295097,0.372197309417,0.892857142857
1,0.731343283582,0.678899082569,0.652173913043,0.369113029827,0.325853202431,0.403330249769,0.27254608869,0.571428571429
3,0.328358208955,0.311926605505,0.304347826087,0.0478806907378,0.0444132772324,0.0582793709528,0.0383657199801,0.285714285714
1,0.634328358209,0.633027522936,0.521739130435,0.260007849294,0.240299205236,0.245143385754,0.237668161435,0.392857142857
2,0.731343283582,0.706422018349,0.630434782609,0.367935635793,0.398784478728,0.395004625347,0.267563527653,0.392857142857
2,0.791044776119,0.724770642202,0.804347826087,0.430141287284,0.448807854137,0.534690101758,0.312406576981,0.428571428571
3,0.350746268657,0.330275229358,0.260869565217,0.0584772370487,0.0579710144928,0.0740055504163,0.0433482810164,0.178571428571
3,0.634328358209,0.605504587156,0.608695652174,0.245094191523,0.242636746143,0.307123034228,0.157947184853,0.321428571429
2,0.597014925373,0.587155963303,0.5,0.22625588697,0.25853202431,0.156336725254,0.152964623817,0.321428571429
2,0.828358208955,0.779816513761,0.717391304348,0.535910518053,0.467975689575,0.560592044403,0.511709018435,0.571428571429
2,0.649253731343,0.614678899083,0.54347826087,0.24784144427,0.215053763441,0.330249768733,0.197807673144,0.285714285714
2,0.753731343284,0.743119266055,0.608695652174,0.389913657771,0.400187003273,0.391304347826,0.25759840558,0.642857142857
3,0.544776119403,0.54128440367,0.54347826087,0.169937205651,0.168770453483,0.152636447734,0.123069257598,0.392857142857
1,0.753731343284,0.733944954128,0.695652173913,0.36420722135,0.380551659654,0.478260869565,0.217737917289,0.285714285714
3,0.425373134328,0.403669724771,0.326086956522,0.076726844584,0.0687237026648,0.0758556891767,0.0682610861983,0.285714285714
2,0.738805970149,0.715596330275,0.630434782609,0.286891679749,0.262739597943,0.293246993525,0.232685600399,0.464285714286
2,0.634328358209,0.633027522936,0.5,0.261185243328,0.243104254324,0.242368177613,0.217737917289,0.321428571429
1,0.119402985075,0.100917431193,0.130434782609,0.00529827315542,0.00514258999532,0.00462534690102,0.00348779272546,0.0714285714286
2,0.902985074627,0.963302752294,0.826086956522,0.700549450549,0.546049555867,0.837187789084,0.596412556054,0.642857142857
1,0.597014925373,0.550458715596,0.478260869565,0.18759811617,0.217858812529,0.186864014801,0.133034379671,0.25
2,0.791044776119,0.788990825688,0.652173913043,0.478806907378,0.494623655914,0.475485661425,0.277528649726,0.428571428571
3,0.298507462687,0.293577981651,0.282608695652,0.0445447409733,0.0444132772324,0.0527289546716,0.0333831589437,0.214285714286
3,0.141791044776,0.137614678899,0.369565217391,0.010989010989,0.0112201963534,0.0138760407031,0.00847035376183,0.107142857143
3,0.432835820896,0.394495412844,0.326086956522,0.0796703296703,0.0719962599345,0.0888066604995,0.0682610861983,0.214285714286
2,0.753731343284,0.733944954128,0.630434782609,0.32751177394,0.293595137915,0.255319148936,0.317389138017,0.607142857143
1,0.791044776119,0.816513761468,0.717391304348,0.430141287284,0.444600280505,0.428307123034,0.372197309417,0.392857142857
3,0.276119402985,0.266055045872,0.260869565217,0.0353218210361,0.0336605890603,0.0360777058279,0.0284005979073,0.178571428571
1,0.783582089552,0.761467889908,0.630434782609,0.405808477237,0.408134642356,0.36170212766,0.322371699053,0.678571428571
2,0.738805970149,0.752293577982,0.739130434783,0.507456828885,0.316035530622,0.41073080481,0.43697060289,0.392857142857
2,0.828358208955,0.816513761468,0.630434782609,0.393642072214,0.34221598878,0.367252543941,0.357249626308,0.535714285714
3,0.246268656716,0.238532110092,0.260869565217,0.0272762951334,0.0233754090697,0.0323774283071,0.023418036871,0.178571428571
1,0.65671641791,0.596330275229,0.717391304348,0.374607535322,0.302945301543,0.291396854764,0.307424015944,0.464285714286
1,0.597014925373,0.577981651376,0.5,0.199175824176,0.20149602618,0.207215541166,0.162929745889,0.285714285714
1,0.716417910448,0.724770642202,0.586956521739,0.358320251177,0.373071528752,0.45420906568,0.282511210762,0.357142857143
2,0.828358208955,0.779816513761,0.608695652174,0.412284144427,0.365591397849,0.620721554117,0.282511210762,0.392857142857
3,0.507462686567,0.495412844037,0.391304347826,0.125392464678,0.142589995325,0.109158186864,0.103139013453,0.321428571429
3,0.283582089552,0.266055045872,0.239130434783,0.0374803767661,0.0364656381487,0.0370027752081,0.0264075734928,0.214285714286
2,0.5,0.45871559633,0.391304347826,0.141679748823,0.161290322581,0.119333950046,0.108121574489,0.357142857143
1,0.611940298507,0.559633027523,0.521739130435,0.211734693878,0.24170172978,0.176688251619,0.157947184853,0.321428571429
1,0.835820895522,0.844036697248,0.695652173913,0.499607535322,0.474988312295,0.528214616096,0.337319382162,0.535714285714
2,0.65671641791,0.678899082569,0.54347826087,0.278649921507,0.24824684432,0.296022201665,0.247633283508,0.357142857143
1,0.723880597015,0.724770642202,0.652173913043,0.361067503925,0.402992052361,0.328399629972,0.25759840558,0.5
2,0.84328358209,0.862385321101,0.891304347826,0.697409733124,0.423094904161,0.527289546716,0.54658694569,0.75
1,0.268656716418,0.256880733945,0.239130434783,0.030612244898,0.028517999065,0.0323774283071,0.0254110612855,0.25
3,0.388059701493,0.376146788991,0.391304347826,0.074568288854,0.0724637681159,0.107308048104,0.0682610861983,0.25
2,0.671641791045,0.678899082569,0.652173913043,0.327119309262,0.330528284245,0.394079555967,0.242650722471,0.285714285714
1,0.738805970149,0.706422018349,0.369565217391,0.323783359498,0.316503038803,0.40888066605,0.232685600399,0.25
3,0.619402985075,0.596330275229,0.478260869565,0.2068288854,0.20149602618,0.256244218316,0.152964623817,0.357142857143
1,0.783582089552,0.816513761468,0.652173913043,0.397566718995,0.37260402057,0.32007400555,0.32735426009,0.642857142857
2,0.701492537313,0.660550458716,0.652173913043,0.302001569859,0.253389434315,0.268270120259,0.274040857,0.321428571429
2,0.492537313433,0.467889908257,0.478260869565,0.12068288854,0.128097241702,0.106382978723,0.0931738913802,0.428571428571
2,0.708955223881,0.678899082569,0.54347826087,0.333398744113,0.337540906966,0.36170212766,0.267563527653,0.464285714286
3,0.537313432836,0.504587155963,0.5,0.158555729984,0.156615240767,0.194264569843,0.0941704035874,0.392857142857
2,0.746268656716,0.743119266055,0.782608695652,0.389324960754,0.365591397849,0.447733580019,0.337319382162,0.428571428571
2,0.738805970149,0.706422018349,0.565217391304,0.373430141287,0.352968676952,0.370952821462,0.302441454908,0.571428571429
1,0.664179104478,0.724770642202,0.608695652174,0.350470957614,0.337073398784,0.343200740056,0.232685600399,0.464285714286
1,0.65671641791,0.733944954128,0.54347826087,0.282770800628,0.274894810659,0.299722479186,0.232685600399,0.285714285714
3,0.402985074627,0.403669724771,0.369565217391,0.0775117739403,0.0696587190276,0.0980573543016,0.0682610861983,0.178571428571
1,0.738805970149,0.752293577982,0.5,0.332417582418,0.352968676952,0.325624421832,0.237668161435,0.5
1,0.738805970149,0.779816513761,0.717391304348,0.464285714286,0.442262739598,0.481961147086,0.377179870453,0.357142857143
3,0.283582089552,0.284403669725,0.217391304348,0.0370879120879,0.0388031790556,0.0397779833488,0.0284005979073,0.142857142857
2,0.835820895522,0.825688073394,0.695652173913,0.554552590267,0.564749883123,0.548566142461,0.362232187344,0.5
1,0.813432835821,0.770642201835,0.760869565217,0.519230769231,0.564282374942,0.600370027752,0.32735426009,0.428571428571
1,0.84328358209,0.816513761468,0.760869565217,0.51079277865,0.414679756896,0.486586493987,0.461883408072,0.535714285714
3,0.223880597015,0.192660550459,0.152173913043,0.017464678179,0.0224403927069,0.0268270120259,0.0134529147982,0.107142857143
1,0.664179104478,0.633027522936,0.478260869565,0.226844583987,0.217858812529,0.242368177613,0.182859990035,0.25
1,0.589552238806,0.577981651376,0.478260869565,0.226648351648,0.273024777934,0.419056429232,0.138016940708,0.285714285714
1,0.589552238806,0.587155963303,0.521739130435,0.204474097331,0.199158485273,0.243293246994,0.142999501744,0.25
1,0.753731343284,0.724770642202,0.608695652174,0.363029827316,0.257129499766,0.334875115634,0.357249626308,0.464285714286
1,0.768656716418,0.733944954128,0.586956521739,0.42032967033,0.443197755961,0.350601295097,0.282511210762,0.464285714286
2,0.805970149254,0.770642201835,0.695652173913,0.431907378336,0.438055165965,0.434782608696,0.342301943199,0.464285714286
2,0.731343283582,0.733944954128,0.717391304348,0.396781789639,0.31884057971,0.382053654024,0.347284504235,0.642857142857
2,0.746268656716,0.715596330275,0.54347826087,0.345761381476,0.355306217859,0.375578168363,0.25759840558,0.357142857143
2,0.641791044776,0.678899082569,0.565217391304,0.332810047096,0.256194483403,0.299722479186,0.282511210762,0.642857142857
1,0.89552238806,0.917431192661,0.826086956522,0.563775510204,0.508648901356,0.492136910268,0.461883408072,0.714285714286
3,0.425373134328,0.412844036697,0.304347826087,0.0680926216641,0.0748013090229,0.0925069380204,0.0682610861983,0.178571428571
