"fixed acidity";"volatile acidity";"citric acid";"residual sugar";"chlorides";"free sulfur dioxide";"total sulfur dioxide";"density";"pH";"sulphates";"alcohol";"quality";
0.01;0.384297520661;0.0;0.034965034965;0.0535117056856;0.194029850746;0.282685512367;0.180874722016;0.645669291339;0.349693251534;0.8;0.8
0.33;0.115702479339;0.42;0.0559440559441;0.113712374582;0.149253731343;0.0742049469965;0.533728687917;0.370078740157;0.263803680982;0.163636363636;0.6
0.5;0.504132231405;0.43;0.0769230769231;0.0785953177258;0.208955223881;0.0883392226148;0.474425500371;0.322834645669;0.122699386503;0.454545454545;0.4
0.75;0.214876033058;0.6;0.0979020979021;0.115384615385;0.44776119403;0.233215547703;0.696812453669;0.283464566929;0.220858895706;0.363636363636;0.4
0.09;0.433884297521;0.12;0.0559440559441;0.105351170569;0.462686567164;0.134275618375;0.390659747961;0.653543307087;0.208588957055;0.309090909091;0.4
0.43;0.404958677686;0.26;0.153846153846;0.130434782609;0.358208955224;0.286219081272;0.707931801334;0.393700787402;0.153374233129;0.218181818182;0.4
0.28;0.355371900826;0.35;0.0699300699301;0.103678929766;0.298507462687;0.212014134276;0.533728687917;0.40157480315;0.116564417178;0.127272727273;0.4
0.49;0.512396694215;0.28;0.0979020979021;0.110367892977;0.298507462687;0.250883392226;0.578206078577;0.425196850394;0.0858895705521;0.236363636364;0.4
0.21;0.49173553719;0.0;0.0804195804196;0.0986622073579;0.298507462687;0.144876325088;0.453669384729;0.433070866142;0.0490797546012;0.163636363636;0.4
0.65;0.239669421488;0.52;0.125874125874;0.113712374582;0.417910447761;0.173144876325;0.733876945886;0.409448818898;0.312883435583;0.454545454545;0.4
0.25;0.247933884298;0.31;0.027972027972;0.113712374582;0.208955223881;0.127208480565;0.56338028169;0.448818897638;0.165644171779;0.0909090909091;0.4
0.03;0.289256198347;0.11;0.0699300699301;0.0602006688963;0.223880597015;0.293286219081;0.120088954781;0.629921259843;0.312883435583;0.927272727273;0.8
0.4;0.231404958678;0.43;0.0839160839161;0.0936454849498;0.417910447761;0.141342756184;0.303928836175;0.362204724409;0.141104294479;0.672727272727;0.6
0.27;0.0909090909091;0.37;0.041958041958;0.056856187291;0.328358208955;0.190812720848;0.511489992587;0.527559055118;0.208588957055;0.654545454545;0.6
0.16;0.628099173554;0.04;0.0699300699301;0.0903010033445;0.164179104478;0.0494699646643;0.456634544107;0.622047244094;0.116564417178;0.254545454545;0.4
0.4;0.223140495868;0.4;0.00699300699301;0.0535117056856;0.358208955224;0.155477031802;0.339510748703;0.362204724409;0.282208588957;0.436363636364;0.6
0.42;0.363636363636;0.18;0.027972027972;0.110367892977;0.134328358209;0.0530035335689;0.412157153447;0.322834645669;0.0736196319018;0.254545454545;0.4
0.03;0.289256198347;0.11;0.0699300699301;0.0602006688963;0.223880597015;0.293286219081;0.120088954781;0.629921259843;0.312883435583;0.921212121212;0.8
0.3;0.413223140496;0.35;0.111888111888;0.123745819398;0.402985074627;0.162544169611;0.504077094144;0.448818897638;0.153374233129;0.418181818182;0.4
0.37;0.578512396694;0.02;0.0;0.0969899665552;0.522388059701;0.148409893993;0.370644922165;0.362204724409;0.128834355828;0.236363636364;0.4
0.7;0.132231404959;0.49;0.048951048951;0.103678929766;0.134328358209;0.0530035335689;0.548554484804;0.188976377953;0.177914110429;0.254545454545;0.8
0.1;0.429752066116;0.05;0.048951048951;0.0903010033445;0.119402985075;0.0388692579505;0.352853965901;0.614173228346;0.251533742331;0.381818181818;0.4
0.66;0.380165289256;0.66;0.0699300699301;0.103678929766;0.134328358209;0.144876325088;0.785767234989;0.40157480315;0.122699386503;0.0909090909091;0.0
0.37;0.140495867769;0.52;0.027972027972;0.16889632107;0.164179104478;0.109540636042;0.496664195701;0.40157480315;0.128834355828;0.181818181818;0.4
0.56;0.198347107438;0.57;0.0769230769231;0.125418060201;0.0746268656716;0.0494699646643;0.48628613788;0.314960629921;0.21472392638;0.472727272727;0.8
0.4;0.280991735537;0.31;0.111888111888;0.135451505017;0.268656716418;0.325088339223;0.589325426242;0.456692913386;0.159509202454;0.181818181818;0.6
0.31;0.5;0.22;0.0699300699301;0.100334448161;0.149253731343;0.123674911661;0.481838398814;0.488188976378;0.110429447853;0.109090909091;0.4
0.45;0.545454545455;0.22;0.048951048951;0.108695652174;0.0746268656716;0.0918727915194;0.637509266123;0.409448818898;0.116564417178;0.381818181818;0.6
0.51;0.132231404959;0.46;0.041958041958;0.0635451505017;0.0597014925373;0.0247349823322;0.533728687917;0.236220472441;0.257668711656;0.309090909091;0.6
0.21;0.487603305785;0.0;0.048951048951;0.113712374582;0.194029850746;0.102473498233;0.51890289103;0.574803149606;0.110429447853;0.163636363636;0.4
0.29;0.396694214876;0.06;0.027972027972;0.0953177257525;0.208955223881;0.187279151943;0.459599703484;0.44094488189;0.0552147239264;0.163636363636;0.4
0.27;0.371900826446;0.21;0.020979020979;0.0953177257525;0.044776119403;0.0106007067138;0.324684951816;0.330708661417;0.104294478528;0.236363636364;0.6
0.73;0.314049586777;0.49;0.0699300699301;0.128762541806;0.0597014925373;0.0282685512367;0.741289844329;0.354330708661;0.0429447852761;0.2;0.4
0.34;0.51652892562;0.11;0.048951048951;0.130434782609;0.223880597015;0.201413427562;0.467012601927;0.354330708661;0.276073619632;0.2;0.4
0.47;0.446280991736;0.34;0.0979020979021;0.137123745819;0.164179104478;0.289752650177;0.575240919199;0.409448818898;0.177914110429;0.290909090909;0.4
0.27;0.115702479339;0.26;0.0559440559441;0.066889632107;0.268656716418;0.250883392226;0.363232023721;0.322834645669;0.257668711656;0.436363636364;0.6
0.22;0.425619834711;0.07;0.0979020979021;0.108695652174;0.223880597015;0.282685512367;0.539659006672;0.606299212598;0.104294478528;0.218181818182;0.4
0.44;0.46694214876;0.26;0.0839160839161;0.117056856187;0.328358208955;0.484098939929;0.56338028169;0.425196850394;0.110429447853;0.163636363636;0.4
0.29;0.148760330579;0.68;0.496503496503;0.0635451505017;0.544776119403;1.0;0.219421793921;0.212598425197;0.0858895705521;0.690909090909;0.8
0.32;0.314049586777;0.35;0.118881118881;0.108695652174;0.298507462687;0.427561837456;0.548554484804;0.385826771654;0.153374233129;0.163636363636;0.4
0.42;0.330578512397;1.0;0.153846153846;1.0;0.462686567164;0.222614840989;0.696812453669;0.0;1.0;0.163636363636;0.2
0.66;0.293388429752;0.4;0.013986013986;0.132107023411;0.0746268656716;0.0777385159011;0.507042253521;0.259842519685;0.171779141104;0.278787878788;0.6
0.25;0.537190082645;0.2;0.482517482517;0.14381270903;0.432835820896;0.303886925795;0.646404744255;0.362204724409;0.128834355828;0.127272727273;0.4
0.23;0.173553719008;0.47;0.0629370629371;0.108695652174;0.0597014925373;0.017667844523;0.415122312824;0.464566929134;0.0981595092025;0.327272727273;0.6
0.04;0.512396694215;0.09;0.034965034965;0.128762541806;0.223880597015;0.0706713780919;0.283172720534;0.732283464567;0.116564417178;0.563636363636;0.6
0.22;0.438016528926;0.02;0.0769230769231;0.137123745819;0.0597014925373;0.0883392226148;0.67457375834;0.732283464567;0.263803680982;0.218181818182;0.4
0.68;0.214876033058;0.55;0.0629370629371;0.0986622073579;0.0597014925373;0.0459363957597;0.622683469236;0.291338582677;0.153374233129;0.418181818182;0.6
0.34;0.363636363636;0.04;0.0559440559441;0.117056856187;0.134328358209;0.0565371024735;0.548554484804;0.377952755906;0.0429447852761;0.2;0.4
0.33;0.115702479339;0.42;0.0559440559441;0.113712374582;0.149253731343;0.0742049469965;0.533728687917;0.370078740157;0.263803680982;0.163636363636;0.6
0.24;0.396694214876;0.26;0.0629370629371;0.11872909699;0.238805970149;0.30035335689;0.44180874722;0.433070866142;0.116564417178;0.236363636364;0.6
0.25;0.247933884298;0.32;0.104895104895;0.0919732441472;0.089552238806;0.0671378091873;0.450704225352;0.393700787402;0.0429447852761;0.345454545455;0.4
0.5;0.165289256198;0.59;0.0699300699301;0.108695652174;0.0298507462687;0.0318021201413;0.681986656783;0.362204724409;0.251533742331;0.2;0.4
0.32;0.479338842975;0.23;0.0559440559441;0.145484949833;0.194029850746;0.265017667845;0.526315789474;0.354330708661;0.20245398773;0.163636363636;0.4
0.83;0.256198347107;0.58;0.048951048951;0.0969899665552;0.208955223881;0.120141342756;0.756115641216;0.251968503937;0.0736196319018;0.0909090909091;0.4
0.52;0.347107438017;0.37;0.993006993007;0.33779264214;0.805970149254;0.314487632509;1.0;0.346456692913;0.245398773006;0.0909090909091;0.6
0.35;0.206611570248;0.32;0.041958041958;0.0903010033445;0.373134328358;0.159010600707;0.323202372128;0.503937007874;0.21472392638;0.6;0.6
0.12;0.429752066116;0.09;0.0909090909091;0.115384615385;0.208955223881;0.0706713780919;0.383988139362;0.653543307087;0.159509202454;0.636363636364;0.4
0.36;0.330578512397;0.38;0.020979020979;0.140468227425;0.0597014925373;0.0424028268551;0.478873239437;0.362204724409;0.0920245398773;0.163636363636;0.4
0.29;0.157024793388;0.32;0.048951048951;0.0903010033445;0.194029850746;0.106007067138;0.255003706449;0.527559055118;0.116564417178;0.745454545455;0.6
0.48;0.107438016529;0.49;0.104895104895;0.127090301003;0.208955223881;0.095406360424;0.593031875463;0.535433070866;0.325153374233;0.272727272727;0.6
0.28;0.338842975207;0.01;0.027972027972;0.108695652174;0.0298507462687;0.0459363957597;0.355819125278;0.330708661417;0.0552147239264;0.236363636364;0.4
0.58;0.289256198347;0.43;0.0629370629371;0.265886287625;0.388059701493;0.212014134276;0.593031875463;0.338582677165;0.239263803681;0.418181818182;0.6
0.27;0.54132231405;0.42;0.048951048951;0.133779264214;0.10447761194;0.282685512367;0.422535211268;0.385826771654;0.134969325153;0.181818181818;0.4
0.64;0.198347107438;0.69;0.0629370629371;0.130434782609;0.0746268656716;0.0530035335689;0.726464047443;0.338582677165;0.153374233129;0.127272727273;0.6
0.69;0.256198347107;0.66;0.132867132867;0.16220735786;0.134328358209;0.0600706713781;0.726464047443;0.322834645669;0.294478527607;0.345454545455;0.8
0.27;0.731404958678;0.15;0.0629370629371;0.150501672241;0.149253731343;0.0918727915194;0.432913269088;0.385826771654;0.0674846625767;0.272727272727;0.4
0.23;0.47520661157;0.0;0.0909090909091;0.105351170569;0.0298507462687;0.0247349823322;0.578206078577;0.590551181102;0.0920245398773;0.127272727273;0.4
0.18;0.363636363636;0.22;0.041958041958;0.103678929766;0.208955223881;0.0636042402827;0.30985915493;0.51968503937;0.276073619632;0.490909090909;0.6
0.27;0.404958677686;0.18;0.0839160839161;0.11872909699;0.0746268656716;0.0494699646643;0.452186805041;0.433070866142;0.141104294479;0.309090909091;0.6
0.37;0.479338842975;0.24;0.0909090909091;0.357859531773;0.0597014925373;0.0318021201413;0.659747961453;0.456692913386;0.141104294479;0.0909090909091;0.6
0.25;0.396694214876;0.32;0.104895104895;0.152173913043;0.179104477612;0.325088339223;0.680504077094;0.55905511811;0.153374233129;0.181818181818;0.4
0.26;0.433884297521;0.03;0.048951048951;0.123745819398;0.194029850746;0.180212014134;0.496664195701;0.496062992126;0.0552147239264;0.327272727273;0.4
0.28;0.380165289256;0.13;0.0629370629371;0.150501672241;0.238805970149;0.106007067138;0.311341734618;0.393700787402;0.0981595092025;0.490909090909;0.6
0.2;0.471074380165;0.07;0.0909090909091;0.132107023411;0.208955223881;0.0530035335689;0.40919199407;0.503937007874;0.141104294479;0.509090909091;0.6
0.67;0.132231404959;0.47;0.034965034965;0.0702341137124;0.238805970149;0.0918727915194;0.493699036323;0.322834645669;0.184049079755;0.381818181818;0.8
0.29;0.165289256198;0.51;0.041958041958;0.55016722408;0.238805970149;0.17667844523;0.496664195701;0.236220472441;0.435582822086;0.127272727273;0.6
0.58;0.314049586777;0.46;0.0909090909091;0.102006688963;0.0597014925373;0.0742049469965;0.733876945886;0.244094488189;0.165644171779;0.181818181818;0.4
0.16;0.314049586777;0.04;0.0629370629371;0.0936454849498;0.0746268656716;0.0282685512367;0.392883617494;0.511811023622;0.165644171779;0.163636363636;0.6
0.29;0.173553719008;0.41;0.020979020979;0.0735785953177;0.0746268656716;0.102473498233;0.278724981468;0.433070866142;0.208588957055;0.454545454545;0.6
0.5;0.140495867769;0.4;0.118881118881;0.14381270903;0.134328358209;0.0706713780919;0.770941438102;0.582677165354;0.331288343558;0.218181818182;0.4
0.27;0.471074380165;0.05;0.104895104895;0.105351170569;0.208955223881;0.0742049469965;0.533728687917;0.409448818898;0.147239263804;0.109090909091;0.4
0.25;0.421487603306;0.12;0.272727272727;0.165551839465;0.731343283582;0.367491166078;0.600444773907;0.409448818898;0.245398773006;0.163636363636;0.4
0.29;0.446280991736;0.0;0.013986013986;0.140468227425;0.0746268656716;0.0247349823322;0.406968124537;0.543307086614;0.128834355828;0.181818181818;0.4
0.9;0.239669421488;0.63;0.181818181818;0.128762541806;0.0746268656716;0.144876325088;0.830244625649;0.212598425197;0.269938650307;0.418181818182;0.6
0.17;0.479338842975;0.08;0.178321678322;0.0919732441472;0.10447761194;0.0353356890459;0.232765011119;0.543307086614;0.0920245398773;0.745454545455;0.4
0.24;0.338842975207;0.12;0.048951048951;0.255852842809;0.044776119403;0.0212014134276;0.505559673832;0.409448818898;0.300613496933;0.127272727273;0.4
0.62;0.446280991736;0.24;0.0909090909091;0.122073578595;0.223880597015;0.166077738516;0.67457375834;0.251968503937;0.21472392638;0.454545454545;0.6
0.22;0.214876033058;0.38;0.111888111888;0.0936454849498;0.328358208955;0.127208480565;0.249073387695;0.472440944882;0.21472392638;0.8;0.8
0.41;0.132231404959;0.46;0.545454545455;0.170568561873;0.0298507462687;0.0106007067138;0.653076352854;0.346456692913;0.141104294479;0.436363636364;0.6
0.2;0.322314049587;0.09;0.0629370629371;0.0836120401338;0.044776119403;0.0106007067138;0.418087472202;0.48031496063;0.104294478528;0.363636363636;0.4
0.14;0.214876033058;0.14;0.0699300699301;0.0434782608696;0.208955223881;0.0671378091873;0.366197183099;0.551181102362;0.171779141104;0.472727272727;0.6
0.61;0.157024793388;0.53;0.0699300699301;0.0802675585284;0.0298507462687;0.0141342756184;0.40919199407;0.220472440945;0.282208588957;0.436363636364;0.8
0.5;0.214876033058;0.38;0.027972027972;0.26254180602;0.388059701493;0.296819787986;0.66271312083;0.322834645669;0.171779141104;0.0;0.4
0.42;0.280991735537;0.23;0.0979020979021;0.132107023411;0.253731343284;0.250883392226;0.668643439585;0.322834645669;0.0858895705521;0.163636363636;0.4
0.2;0.396694214876;0.3;0.230769230769;0.0936454849498;0.283582089552;0.367491166078;0.66271312083;0.44094488189;0.490797546012;0.309090909091;0.4
0.03;0.49173553719;0.19;0.020979020979;0.249163879599;0.089552238806;0.197879858657;0.277983691623;0.692913385827;0.147239263804;0.454545454545;0.4
0.2;0.396694214876;0.12;0.0699300699301;0.11872909699;0.179104477612;0.0777385159011;0.474425500371;0.614173228346;0.153374233129;0.309090909091;0.8
0.5;0.297520661157;0.24;0.104895104895;0.150501672241;0.179104477612;0.0918727915194;0.726464047443;0.425196850394;0.116564417178;0.272727272727;0.6
0.24;0.198347107438;0.34;0.041958041958;0.105351170569;0.253731343284;0.113074204947;0.229799851742;0.503937007874;0.312883435583;0.927272727273;0.8
0.54;0.173553719008;0.63;0.111888111888;0.120401337793;0.0597014925373;0.0565371024735;0.711638250556;0.409448818898;0.226993865031;0.490909090909;0.8
0.23;0.380165289256;0.3;0.0839160839161;0.103678929766;0.208955223881;0.173144876325;0.489251297257;0.566929133858;0.134969325153;0.309090909091;0.4
0.33;0.380165289256;0.13;0.118881118881;0.140468227425;0.194029850746;0.201413427562;0.60785767235;0.338582677165;0.153374233129;0.109090909091;0.6
0.45;0.223140495868;0.41;0.538461538462;0.0953177257525;0.253731343284;0.116607773852;0.621942179392;0.433070866142;0.269938650307;0.436363636364;0.8
0.2;0.371900826446;0.0;0.0559440559441;0.297658862876;0.164179104478;0.137809187279;0.48628613788;0.448818897638;0.141104294479;0.163636363636;0.6
0.44;0.314049586777;0.34;0.167832167832;0.117056856187;0.0597014925373;0.0282685512367;0.63009636768;0.433070866142;0.0920245398773;0.4;0.6
0.15;0.380165289256;0.0;0.0699300699301;0.140468227425;0.0298507462687;0.0247349823322;0.398072646405;0.692913385827;0.153374233129;0.545454545455;0.2
0.21;0.0826446280992;0.49;0.041958041958;0.0451505016722;0.10447761194;0.0424028268551;0.240177909563;0.511811023622;0.116564417178;0.709090909091;0.6
0.55;0.256198347107;0.35;0.146853146853;0.133779264214;0.34328358209;0.226148409894;0.576723498888;0.370078740157;0.196319018405;0.363636363636;0.6
0.3;0.876033057851;0.21;0.048951048951;0.11872909699;0.194029850746;0.123674911661;0.379540400297;0.472440944882;0.0613496932515;0.363636363636;0.4
0.3;0.396694214876;0.22;0.0629370629371;0.113712374582;0.358208955224;0.349823321555;0.439584877687;0.44094488189;0.0736196319018;0.254545454545;0.4
0.12;0.256198347107;0.22;0.041958041958;0.110367892977;0.298507462687;0.17667844523;0.454410674574;0.614173228346;0.141104294479;0.181818181818;0.6
0.45;0.388429752066;0.44;0.0769230769231;0.0986622073579;0.298507462687;0.219081272085;0.667160859896;0.566929133858;0.159509202454;0.181818181818;0.4
0.35;0.289256198347;0.27;0.048951048951;0.0769230769231;0.253731343284;0.113074204947;0.369162342476;0.330708661417;0.294478527607;0.472727272727;0.6
0.29;0.256198347107;0.21;0.027972027972;0.157190635452;0.134328358209;0.109540636042;0.474425500371;0.338582677165;0.331288343558;0.181818181818;0.4
0.29;0.231404958678;0.3;0.041958041958;0.242474916388;0.0149253731343;0.137809187279;0.524091919941;0.448818897638;0.331288343558;0.181818181818;0.6
0.42;0.380165289256;0.2;0.125874125874;0.115384615385;0.208955223881;0.385159010601;0.578206078577;0.385826771654;0.134969325153;0.181818181818;0.4
0.09;0.0578512396694;0.21;0.034965034965;0.0551839464883;0.835820895522;0.455830388693;0.23795404003;0.456692913386;0.0429447852761;0.181818181818;0.4
0.6;0.148760330579;0.58;0.0629370629371;0.0702341137124;0.089552238806;0.0459363957597;0.578206078577;0.448818897638;0.312883435583;0.363636363636;0.8
0.23;0.231404958678;0.3;0.034965034965;0.113712374582;0.477611940299;0.257950530035;0.496664195701;0.527559055118;0.171779141104;0.181818181818;0.6
0.4;0.396694214876;0.29;0.0559440559441;0.0953177257525;0.462686567164;0.236749116608;0.469977761305;0.472440944882;0.122699386503;0.272727272727;0.4
0.38;0.404958677686;0.19;0.195804195804;0.137123745819;0.432835820896;0.222614840989;0.5685693106;0.377952755906;0.079754601227;0.272727272727;0.6
0.15;0.421487603306;0.33;0.041958041958;0.0785953177258;0.223880597015;0.0777385159011;0.378799110452;0.488188976378;0.165644171779;0.290909090909;0.6
0.36;0.173553719008;0.4;0.0979020979021;0.11872909699;0.223880597015;0.219081272085;0.564862861379;0.44094488189;0.0674846625767;0.163636363636;0.4
0.75;0.363636363636;0.49;0.0839160839161;0.0869565217391;0.0597014925373;0.0742049469965;0.719051148999;0.267716535433;0.306748466258;0.436363636364;0.4
0.38;0.404958677686;0.19;0.195804195804;0.137123745819;0.432835820896;0.222614840989;0.5685693106;0.377952755906;0.079754601227;0.272727272727;0.6
0.25;0.822314049587;0.1;0.132867132867;0.123745819398;0.0597014925373;0.0212014134276;0.415122312824;0.629921259843;0.141104294479;0.490909090909;0.2
0.4;0.54958677686;0.24;0.034965034965;0.110367892977;0.134328358209;0.0530035335689;0.498146775389;0.433070866142;0.184049079755;0.272727272727;0.4
0.23;0.181818181818;0.33;0.0909090909091;0.0869565217391;0.298507462687;0.109540636042;0.370644922165;0.48031496063;0.245398773006;0.654545454545;0.8
0.3;0.487603305785;0.0;0.0979020979021;0.113712374582;0.149253731343;0.0989399293286;0.548554484804;0.551181102362;0.0981595092025;0.181818181818;0.4
0.35;0.384297520661;0.18;0.0629370629371;0.110367892977;0.0597014925373;0.0848056537102;0.481838398814;0.362204724409;0.0674846625767;0.236363636364;0.6
0.39;0.157024793388;0.36;0.0979020979021;0.0735785953177;0.134328358209;0.116607773852;0.401779095626;0.51968503937;0.196319018405;0.6;0.4
0.22;0.239669421488;0.3;0.0629370629371;0.11872909699;0.507462686567;0.233215547703;0.504077094144;0.551181102362;0.0920245398773;0.163636363636;0.4
0.28;0.433884297521;0.0;0.0559440559441;0.117056856187;0.10447761194;0.0353356890459;0.459599703484;0.503937007874;0.134969325153;0.236363636364;0.6
0.04;0.512396694215;0.0;0.0;0.0484949832776;0.223880597015;0.141342756184;0.17642698295;1.0;0.134969325153;0.727272727273;0.6
0.53;0.338842975207;0.48;0.0909090909091;0.0852842809365;0.0746268656716;0.0671378091873;0.711638250556;0.299212598425;0.134969325153;0.145454545455;0.6
0.4;0.471074380165;0.0;0.0839160839161;0.127090301003;0.268656716418;0.113074204947;0.65233506301;0.48031496063;0.141104294479;0.145454545455;0.4
0.29;0.338842975207;0.24;0.0559440559441;0.100334448161;0.208955223881;0.349823321555;0.429948109711;0.417322834646;0.104294478528;0.163636363636;0.6
0.18;0.239669421488;0.31;0.531468531469;0.120401337793;0.373134328358;0.137809187279;0.595997034841;0.503937007874;0.165644171779;0.290909090909;0.6
0.14;0.454545454545;0.08;0.0629370629371;0.0551839464883;0.268656716418;0.148409893993;0.348406226835;0.590551181102;0.0736196319018;0.527272727273;0.6
0.45;0.371900826446;0.27;0.0769230769231;0.117056856187;0.328358208955;0.487632508834;0.564862861379;0.417322834646;0.110429447853;0.163636363636;0.4
0.06;0.413223140496;0.03;0.020979020979;0.113712374582;0.0746268656716;0.0247349823322;0.354336545589;0.724409448819;0.153374233129;0.290909090909;0.2
0.45;0.280991735537;0.49;0.356643356643;0.0869565217391;0.0597014925373;0.0388692579505;0.637509266123;0.370078740157;0.220858895706;0.454545454545;0.6
0.83;0.181818181818;0.52;0.13986013986;0.137123745819;0.238805970149;0.166077738516;0.830244625649;0.244094488189;0.269938650307;0.181818181818;0.6
0.33;0.48347107438;0.12;0.0979020979021;0.133779264214;0.164179104478;0.0777385159011;0.681986656783;0.606299212598;0.21472392638;0.272727272727;0.4
0.46;0.314049586777;0.36;0.111888111888;0.173913043478;0.373134328358;0.173144876325;0.520385470719;0.346456692913;0.19018404908;0.436363636364;0.4
0.16;0.314049586777;0.01;0.020979020979;0.0802675585284;0.238805970149;0.0706713780919;0.370644922165;0.51968503937;0.128834355828;0.236363636364;0.6
0.4;0.198347107438;0.52;0.0629370629371;0.165551839465;0.0597014925373;0.0141342756184;0.406226834692;0.448818897638;0.153374233129;0.509090909091;0.6
0.85;0.338842975207;0.79;0.251748251748;0.180602006689;0.328358208955;0.250883392226;0.859896219422;0.346456692913;0.245398773006;0.818181818182;0.4
0.52;0.454545454545;0.39;0.048951048951;0.0702341137124;0.0746268656716;0.0388692579505;0.548554484804;0.338582677165;0.0613496932515;0.272727272727;0.4
0.38;0.429752066116;0.17;0.118881118881;0.120401337793;0.358208955224;0.43816254417;0.591549295775;0.385826771654;0.104294478528;0.2;0.4
0.24;0.289256198347;0.46;0.0699300699301;0.170568561873;0.089552238806;0.0494699646643;0.464788732394;0.456692913386;0.159509202454;0.363636363636;0.4
0.42;0.347107438017;0.31;0.0769230769231;0.167224080268;0.149253731343;0.113074204947;0.503335804299;0.393700787402;0.116564417178;0.436363636364;0.4
0.22;0.396694214876;0.04;0.0909090909091;0.107023411371;0.253731343284;0.289752650177;0.537435137139;0.622047244094;0.110429447853;0.181818181818;0.4
0.19;0.421487603306;0.02;0.048951048951;0.110367892977;0.253731343284;0.0848056537102;0.512972572276;0.51968503937;0.233128834356;0.236363636364;0.4
0.46;0.247933884298;0.35;0.0629370629371;0.11872909699;0.238805970149;0.113074204947;0.446256486286;0.385826771654;0.177914110429;0.472727272727;0.6
0.38;0.46694214876;0.26;0.027972027972;0.127090301003;0.223880597015;0.0600706713781;0.499629355078;0.456692913386;0.0613496932515;0.163636363636;0.4
0.22;0.198347107438;0.46;0.0629370629371;0.103678929766;0.34328358209;0.134275618375;0.381022979985;0.51968503937;0.294478527607;0.454545454545;0.8
0.16;0.694214876033;0.0;0.041958041958;0.117056856187;0.0597014925373;0.0353356890459;0.252038547072;0.59842519685;0.0429447852761;0.618181818182;0.6
0.52;0.198347107438;0.64;0.118881118881;0.183946488294;0.134328358209;0.123674911661;0.578206078577;0.385826771654;0.177914110429;0.727272727273;0.6
0.43;0.223140495868;0.44;0.0629370629371;0.158862876254;0.492537313433;0.420494699647;0.56338028169;0.314960629921;0.521472392638;0.181818181818;0.4
0.17;0.165289256198;0.44;0.0839160839161;0.0819397993311;0.34328358209;0.0989399293286;0.343958487769;0.433070866142;0.263803680982;0.563636363636;0.8
0.33;0.115702479339;0.37;0.013986013986;0.107023411371;0.10447761194;0.0600706713781;0.533728687917;0.409448818898;0.20245398773;0.2;0.6
0.22;0.347107438017;0.27;0.0979020979021;0.120401337793;0.164179104478;0.254416961131;0.459599703484;0.511811023622;0.208588957055;0.454545454545;0.4
0.53;0.123966942149;0.56;0.013986013986;0.0585284280936;0.0298507462687;0.00706713780919;0.334321719792;0.330708661417;0.0858895705521;0.6;0.6
0.57;0.231404958678;0.48;0.0629370629371;0.188963210702;0.208955223881;0.151943462898;0.578206078577;0.228346456693;0.269938650307;0.218181818182;0.6
0.65;0.0495867768595;0.51;0.195804195804;0.153846153846;0.044776119403;0.0600706713781;0.696812453669;0.425196850394;0.368098159509;0.290909090909;0.6
0.19;0.272727272727;0.11;0.0839160839161;0.0518394648829;0.0746268656716;0.0212014134276;0.247590808006;0.44094488189;0.171779141104;0.527272727273;0.6
0.52;0.173553719008;0.46;0.048951048951;0.115384615385;0.0746268656716;0.0106007067138;0.450704225352;0.283464566929;0.0674846625767;0.345454545455;0.6
0.12;0.438016528926;0.06;0.027972027972;0.0635451505017;0.0746268656716;0.0424028268551;0.24314306894;0.653543307087;0.104294478528;0.627272727273;0.4
0.18;0.388429752066;0.06;0.335664335664;0.0802675585284;0.149253731343;0.0424028268551;0.444773906597;0.527559055118;0.134969325153;0.418181818182;0.8
0.52;0.198347107438;0.64;0.118881118881;0.183946488294;0.134328358209;0.123674911661;0.578206078577;0.385826771654;0.177914110429;0.727272727273;0.6
0.18;0.413223140496;0.08;0.048951048951;0.0936454849498;0.402985074627;0.113074204947;0.467753891772;0.535433070866;0.276073619632;0.181818181818;0.6
0.37;0.45867768595;0.1;0.027972027972;0.130434782609;0.044776119403;0.017667844523;0.537435137139;0.448818897638;0.171779141104;0.190909090909;0.4
0.44;0.231404958678;0.47;0.0909090909091;0.125418060201;0.0746268656716;0.0494699646643;0.557449962936;0.322834645669;0.079754601227;0.363636363636;0.4
0.22;0.214876033058;0.3;0.041958041958;0.102006688963;0.44776119403;0.226148409894;0.492957746479;0.535433070866;0.134969325153;0.181818181818;0.6
0.21;0.0330578512397;0.44;0.0909090909091;0.0936454849498;0.238805970149;0.0883392226148;0.228317272053;0.48031496063;0.104294478528;0.709090909091;0.6
0.24;0.305785123967;0.19;0.125874125874;0.108695652174;0.223880597015;0.109540636042;0.474425500371;0.496062992126;0.0858895705521;0.363636363636;0.4
0.24;0.380165289256;0.0;0.0559440559441;0.0869565217391;0.089552238806;0.017667844523;0.401779095626;0.55905511811;0.128834355828;0.509090909091;0.6
0.57;0.454545454545;0.22;0.104895104895;0.158862876254;0.238805970149;0.0989399293286;0.756115641216;0.425196850394;0.374233128834;0.254545454545;0.6
0.22;0.181818181818;0.24;0.0559440559441;0.0986622073579;0.432835820896;0.162544169611;0.412157153447;0.551181102362;0.128834355828;0.290909090909;0.4
0.22;0.181818181818;0.32;0.0909090909091;0.130434782609;0.626865671642;0.378091872792;0.474425500371;0.456692913386;0.257668711656;0.472727272727;0.4
0.54;0.429752066116;0.24;0.111888111888;0.155518394649;0.417910447761;0.166077738516;0.711638250556;0.393700787402;0.184049079755;0.254545454545;0.4
0.36;0.421487603306;0.17;0.118881118881;0.145484949833;0.298507462687;0.399293286219;0.578206078577;0.275590551181;0.0920245398773;0.145454545455;0.4
0.25;0.429752066116;0.0;0.0839160839161;0.108695652174;0.253731343284;0.0812720848057;0.467012601927;0.456692913386;0.141104294479;0.272727272727;0.6
0.2;0.413223140496;0.18;0.020979020979;0.0836120401338;0.089552238806;0.155477031802;0.363232023721;0.267716535433;0.141104294479;0.145454545455;0.4
0.49;0.314049586777;0.5;0.881118881119;0.322742474916;0.701492537313;0.268551236749;0.90585618977;0.330708661417;0.233128834356;0.0545454545455;0.4
0.47;0.338842975207;0.6;0.0559440559441;0.0451505016722;0.0597014925373;0.0459363957597;0.418828762046;0.44094488189;0.300613496933;0.709090909091;0.6
0.16;0.380165289256;0.02;0.0559440559441;0.0836120401338;0.537313432836;0.166077738516;0.262416604893;0.48031496063;0.239263803681;0.563636363636;0.8
0.11;0.231404958678;0.16;0.041958041958;0.0953177257525;0.149253731343;0.0671378091873;0.392883617494;0.535433070866;0.226993865031;0.290909090909;0.8
0.56;0.157024793388;0.49;0.0699300699301;0.0852842809365;0.253731343284;0.120141342756;0.548554484804;0.314960629921;0.0858895705521;0.236363636364;0.6
0.35;0.132231404959;0.56;0.041958041958;0.133779264214;0.507462686567;0.342756183746;0.496664195701;0.44094488189;0.233128834356;0.363636363636;0.8
0.2;0.438016528926;0.02;0.0629370629371;0.0903010033445;0.10447761194;0.0671378091873;0.51890289103;0.574803149606;0.184049079755;0.181818181818;0.6
0.39;0.595041322314;0.34;0.013986013986;0.0635451505017;0.044776119403;0.0141342756184;0.395848776872;0.299212598425;0.0674846625767;0.109090909091;0.6
0.17;0.413223140496;0.21;0.048951048951;0.112040133779;0.10447761194;0.197879858657;0.504077094144;0.614173228346;0.128834355828;0.145454545455;0.6
0.22;0.421487603306;0.0;0.048951048951;0.142140468227;0.194029850746;0.113074204947;0.485544848036;0.496062992126;0.128834355828;0.0909090909091;0.6
0.61;0.190082644628;0.48;0.132867132867;0.130434782609;0.0597014925373;0.0530035335689;0.622683469236;0.338582677165;0.0981595092025;0.363636363636;0.4
0.34;0.206611570248;0.53;0.041958041958;0.670568561873;0.119402985075;0.0706713780919;0.570793180133;0.251968503937;0.423312883436;0.109090909091;0.6
0.22;0.590909090909;0.0;0.0559440559441;0.257525083612;0.044776119403;0.017667844523;0.435878428466;0.511811023622;0.0920245398773;0.272727272727;0.4
0.25;0.380165289256;0.03;0.202797202797;0.113712374582;0.388059701493;0.141342756184;0.424017790956;0.220472440945;0.0613496932515;0.127272727273;0.4
0.18;0.454545454545;0.0;0.048951048951;0.113712374582;0.313432835821;0.116607773852;0.504818383988;0.51968503937;0.226993865031;0.218181818182;0.4
0.22;0.446280991736;0.03;0.0769230769231;0.110367892977;0.223880597015;0.282685512367;0.53595255745;0.622047244094;0.122699386503;0.218181818182;0.4
0.25;0.330578512397;0.4;0.0699300699301;0.0802675585284;0.164179104478;0.0494699646643;0.336545589325;0.409448818898;0.165644171779;0.6;0.6
0.39;0.132231404959;0.45;0.034965034965;0.0919732441472;0.089552238806;0.0212014134276;0.247590808006;0.40157480315;0.110429447853;0.690909090909;0.8
0.32;0.181818181818;0.37;0.048951048951;0.0752508361204;0.626865671642;0.240282685512;0.2876204596;0.385826771654;0.269938650307;0.636363636364;0.6
0.27;0.49173553719;0.01;0.0629370629371;0.0869565217391;0.44776119403;0.13074204947;0.26019273536;0.527559055118;0.122699386503;0.6;0.6
0.2;0.198347107438;0.21;0.0839160839161;0.123745819398;0.34328358209;0.222614840989;0.39733135656;0.51968503937;0.0981595092025;0.290909090909;0.6
0.56;0.586776859504;0.37;0.0979020979021;0.123745819398;0.373134328358;0.226148409894;0.58561897702;0.330708661417;0.0920245398773;0.254545454545;0.4
0.36;0.289256198347;0.47;0.0839160839161;0.103678929766;0.089552238806;0.0812720848057;0.570793180133;0.267716535433;0.0552147239264;0.181818181818;0.4
0.71;0.231404958678;0.52;0.0559440559441;0.133779264214;0.208955223881;0.16961130742;0.726464047443;0.228346456693;0.177914110429;0.309090909091;0.4
0.55;0.322314049587;0.64;0.0839160839161;0.158862876254;0.0746268656716;0.0318021201413;0.526315789474;0.275590551181;0.177914110429;0.6;0.8
0.38;0.355371900826;0.04;0.0699300699301;0.178929765886;0.194029850746;0.17667844523;0.444773906597;0.370078740157;0.141104294479;0.436363636364;0.6
0.16;0.446280991736;0.0;0.125874125874;0.172240802676;0.298507462687;0.0883392226148;0.451445515196;0.55905511811;0.159509202454;0.327272727273;0.4
0.12;0.380165289256;0.0;0.027972027972;0.0886287625418;0.10447761194;0.0424028268551;0.474425500371;0.645669291339;0.288343558282;0.163636363636;0.4
0.68;0.115702479339;0.52;0.041958041958;0.0986622073579;0.0746268656716;0.0141342756184;0.489251297257;0.362204724409;0.21472392638;0.309090909091;0.8
0.3;0.132231404959;0.44;0.041958041958;0.115384615385;0.402985074627;0.219081272085;0.356560415122;0.488188976378;0.177914110429;0.490909090909;0.4
0.15;0.322314049587;0.15;0.125874125874;0.0869565217391;0.164179104478;0.0742049469965;0.200148257969;0.464566929134;0.134969325153;0.781818181818;0.6
0.32;0.0909090909091;0.42;0.048951048951;0.0953177257525;0.119402985075;0.0388692579505;0.263899184581;0.370078740157;0.104294478528;0.690909090909;0.6
0.27;0.347107438017;0.26;0.048951048951;0.128762541806;0.328358208955;0.498233215548;0.456634544107;0.409448818898;0.134969325153;0.218181818182;0.4
0.39;0.297520661157;0.53;0.195804195804;0.148829431438;0.0298507462687;0.0141342756184;0.41957005189;0.370078740157;0.134969325153;0.654545454545;0.8
0.01;0.322314049587;0.18;0.0629370629371;0.0501672240803;0.223880597015;0.335689045936;0.163083765752;0.566929133858;0.306748466258;0.8;0.8
0.31;1.0;0.0;0.041958041958;0.117056856187;0.0298507462687;0.0212014134276;0.459599703484;0.629921259843;0.0674846625767;0.436363636364;0.4
0.29;0.148760330579;0.68;0.496503496503;0.0635451505017;0.544776119403;0.961130742049;0.219421793921;0.212598425197;0.0858895705521;0.690909090909;0.8
0.5;0.264462809917;0.49;0.104895104895;0.108695652174;0.149253731343;0.0459363957597;0.452186805041;0.385826771654;0.159509202454;0.563636363636;0.8
0.17;0.297520661157;0.02;0.0699300699301;0.113712374582;0.522388059701;0.371024734982;0.373610081542;0.283464566929;0.0981595092025;0.218181818182;0.4
0.28;0.165289256198;0.44;0.104895104895;0.153846153846;0.10447761194;0.0388692579505;0.527798369162;0.464566929134;0.251533742331;0.454545454545;0.8
0.11;0.214876033058;0.15;0.041958041958;0.100334448161;0.0746268656716;0.0459363957597;0.392883617494;0.535433070866;0.122699386503;0.163636363636;0.4
0.19;0.421487603306;0.01;0.0839160839161;0.107023411371;0.194029850746;0.116607773852;0.372127501853;0.472440944882;0.0981595092025;0.418181818182;0.6
0.24;0.239669421488;0.24;0.041958041958;0.0903010033445;0.253731343284;0.144876325088;0.400296515938;0.496062992126;0.153374233129;0.345454545455;0.4
0.11;0.165289256198;0.25;0.041958041958;0.123745819398;0.0597014925373;0.0918727915194;0.329132690882;0.488188976378;0.0429447852761;0.290909090909;0.4
0.32;0.132231404959;0.4;0.0839160839161;0.066889632107;0.044776119403;0.0141342756184;0.249073387695;0.464566929134;0.20245398773;0.781818181818;0.8
0.34;0.438016528926;0.6;0.0629370629371;0.167224080268;0.164179104478;0.296819787986;0.526315789474;0.362204724409;0.0920245398773;0.127272727273;0.4
0.2;0.46694214876;0.0;0.048951048951;0.0919732441472;0.582089552239;0.201413427562;0.570793180133;0.677165354331;0.269938650307;0.254545454545;0.4
0.5;0.190082644628;0.47;0.0559440559441;0.0819397993311;0.0746268656716;0.017667844523;0.418828762046;0.385826771654;0.0920245398773;0.636363636364;0.6
0.39;0.367768595041;0.34;0.125874125874;0.135451505017;0.223880597015;0.374558303887;0.711638250556;0.503937007874;0.147239263804;0.181818181818;0.4
0.1;0.347107438017;0.06;0.041958041958;0.0635451505017;0.55223880597;0.293286219081;0.160118606375;0.44094488189;0.079754601227;0.372727272727;0.6
0.27;0.698347107438;0.1;0.0629370629371;0.167224080268;0.149253731343;0.0565371024735;0.452186805041;0.409448818898;0.079754601227;0.181818181818;0.4
0.76;0.157024793388;0.72;0.0699300699301;0.100334448161;0.0746268656716;0.0812720848057;0.63009636768;0.110236220472;0.276073619632;0.236363636364;1.0
0.34;0.49173553719;0.2;0.0839160839161;0.107023411371;0.134328358209;0.113074204947;0.530022238695;0.448818897638;0.165644171779;0.163636363636;0.4
0.29;0.471074380165;0.21;0.0629370629371;0.113712374582;0.477611940299;0.47703180212;0.444773906597;0.40157480315;0.0858895705521;0.254545454545;0.4
0.23;0.297520661157;0.32;0.0629370629371;0.0836120401338;0.44776119403;0.16961130742;0.524833209785;0.44094488189;0.171779141104;0.272727272727;0.8
0.27;0.471074380165;0.49;0.041958041958;0.172240802676;0.283582089552;0.374558303887;0.489251297257;0.370078740157;0.208588957055;0.145454545455;0.4
0.34;0.425619834711;0.36;0.0559440559441;0.128762541806;0.208955223881;0.173144876325;0.537435137139;0.448818897638;0.122699386503;0.345454545455;0.2
0.4;0.338842975207;0.49;0.048951048951;0.265886287625;0.0746268656716;0.0671378091873;0.54114158636;0.417322834646;0.147239263804;0.163636363636;0.6
0.32;0.247933884298;0.49;0.0979020979021;0.120401337793;0.462686567164;0.173144876325;0.637509266123;0.472440944882;0.233128834356;0.0363636363636;0.6
0.59;0.338842975207;0.49;0.237762237762;0.177257525084;0.134328358209;0.0388692579505;0.741289844329;0.259842519685;0.116564417178;0.581818181818;0.6
0.23;0.454545454545;0.26;0.041958041958;0.650501672241;0.223880597015;0.159010600707;0.496664195701;0.330708661417;0.472392638037;0.163636363636;0.4
0.2;0.256198347107;0.3;0.0559440559441;0.122073578595;0.0746268656716;0.116607773852;0.241660489251;0.464566929134;0.0552147239264;0.618181818182;0.6
0.39;0.623966942149;0.13;0.157342657343;0.127090301003;0.044776119403;0.0282685512367;0.681986656783;0.551181102362;0.0920245398773;0.545454545455;0.4
0.28;0.413223140496;0.05;0.0769230769231;0.112040133779;0.0746268656716;0.0424028268551;0.530022238695;0.433070866142;0.159509202454;0.145454545455;0.4
0.23;0.264462809917;0.2;0.027972027972;0.061872909699;0.34328358209;0.204946996466;0.244625648629;0.503937007874;0.122699386503;0.581818181818;0.6
0.26;0.50826446281;0.02;0.0909090909091;0.0986622073579;0.134328358209;0.0282685512367;0.383988139362;0.606299212598;0.208588957055;0.581818181818;0.8
0.57;0.256198347107;0.39;0.0699300699301;0.157190635452;0.10447761194;0.0918727915194;0.622683469236;0.11811023622;0.079754601227;0.2;0.4
0.65;0.148760330579;0.6;0.0559440559441;0.0919732441472;0.164179104478;0.0742049469965;0.58561897702;0.291338582677;0.368098159509;0.290909090909;0.6
0.1;0.247933884298;0.19;0.0559440559441;0.105351170569;0.313432835821;0.144876325088;0.372127501853;0.511811023622;0.251533742331;0.272727272727;0.6
0.2;0.247933884298;0.19;0.0769230769231;0.0986622073579;0.253731343284;0.106007067138;0.338028169014;0.511811023622;0.116564417178;0.436363636364;0.4
0.22;0.413223140496;0.06;0.104895104895;0.108695652174;0.208955223881;0.279151943463;0.538176426983;0.606299212598;0.104294478528;0.181818181818;0.4
0.39;0.388429752066;0.39;0.0769230769231;0.138795986622;0.0597014925373;0.0565371024735;0.622683469236;0.496062992126;0.128834355828;0.327272727273;0.4
0.15;0.632231404959;0.0;0.0769230769231;0.257525083612;0.0746268656716;0.0212014134276;0.393624907339;0.645669291339;0.0858895705521;0.418181818182;0.4
0.23;0.152892561983;0.39;0.0;0.0785953177258;0.089552238806;0.017667844523;0.230541141586;0.433070866142;0.0920245398773;0.545454545455;0.6
0.25;0.404958677686;0.26;0.048951048951;0.102006688963;0.34328358209;0.289752650177;0.438843587843;0.44094488189;0.0981595092025;0.236363636364;0.4
0.4;0.446280991736;0.17;0.125874125874;0.108695652174;0.0597014925373;0.0247349823322;0.548554484804;0.433070866142;0.110429447853;0.345454545455;0.4
0.58;0.231404958678;0.41;0.0699300699301;0.120401337793;0.089552238806;0.0388692579505;0.60785767235;0.267716535433;0.184049079755;0.145454545455;0.6
0.26;0.247933884298;0.08;0.104895104895;0.120401337793;0.208955223881;0.148409893993;0.489251297257;0.370078740157;0.134969325153;0.272727272727;0.4
0.28;0.380165289256;0.02;0.0559440559441;0.102006688963;0.119402985075;0.0424028268551;0.489251297257;0.488188976378;0.122699386503;0.181818181818;0.8
0.41;0.289256198347;0.49;0.0979020979021;0.137123745819;0.55223880597;0.353356890459;0.593031875463;0.267716535433;0.134969325153;0.109090909091;0.4
0.12;0.322314049587;0.14;0.048951048951;0.0735785953177;0.208955223881;0.0989399293286;0.278724981468;0.582677165354;0.122699386503;0.545454545455;0.6
0.3;0.214876033058;0.44;0.048951048951;0.14381270903;0.0746268656716;0.0318021201413;0.400296515938;0.44094488189;0.165644171779;0.527272727273;0.6
0.12;0.54958677686;0.0;0.0629370629371;0.0802675585284;0.0746268656716;0.0247349823322;0.477390659748;0.669291338583;0.147239263804;0.272727272727;0.2
0.27;0.371900826446;0.21;0.020979020979;0.0953177257525;0.044776119403;0.0106007067138;0.324684951816;0.330708661417;0.104294478528;0.236363636364;0.6
0.31;0.140495867769;0.36;0.0699300699301;0.0602006688963;0.507462686567;0.166077738516;0.355819125278;0.417322834646;0.39263803681;0.709090909091;0.8
0.2;0.371900826446;0.02;0.0559440559441;0.100334448161;0.238805970149;0.0706713780919;0.411415863603;0.488188976378;0.147239263804;0.309090909091;0.4
0.22;0.421487603306;0.0;0.048951048951;0.142140468227;0.194029850746;0.113074204947;0.485544848036;0.496062992126;0.128834355828;0.0909090909091;0.6
0.32;0.223140495868;0.49;0.0769230769231;0.145484949833;0.686567164179;0.448763250883;0.570793180133;0.503937007874;0.38036809816;0.236363636364;0.4
0.25;0.5;0.04;0.020979020979;0.107023411371;0.10447761194;0.0318021201413;0.361749444033;0.409448818898;0.0981595092025;0.2;0.4
0.21;0.388429752066;0.01;0.0909090909091;0.108695652174;0.283582089552;0.279151943463;0.538176426983;0.637795275591;0.134969325153;0.236363636364;0.4
0.44;0.388429752066;0.14;0.0559440559441;0.120401337793;0.358208955224;0.148409893993;0.58561897702;0.314960629921;0.116564417178;0.218181818182;0.4
0.22;0.239669421488;0.3;0.0629370629371;0.11872909699;0.507462686567;0.233215547703;0.504077094144;0.551181102362;0.0920245398773;0.163636363636;0.4
0.24;0.396694214876;0.26;0.426573426573;0.0969899665552;0.522388059701;0.406360424028;0.593031875463;0.496062992126;0.0736196319018;0.163636363636;0.4
0.5;0.190082644628;0.45;0.0909090909091;0.133779264214;0.283582089552;0.289752650177;0.665678280208;0.322834645669;0.0368098159509;0.163636363636;0.4
0.27;0.338842975207;0.06;0.034965034965;0.103678929766;0.119402985075;0.116607773852;0.441067457376;0.48031496063;0.0674846625767;0.236363636364;0.6
0.2;0.438016528926;0.02;0.0629370629371;0.0903010033445;0.10447761194;0.0671378091873;0.51890289103;0.574803149606;0.184049079755;0.181818181818;0.6
0.17;0.280991735537;0.24;0.034965034965;0.108695652174;0.253731343284;0.0989399293286;0.340993328391;0.511811023622;0.141104294479;0.381818181818;0.6
0.28;0.338842975207;0.33;0.0839160839161;0.113712374582;0.34328358209;0.487632508834;0.470719051149;0.44094488189;0.141104294479;0.181818181818;0.4
0.39;0.190082644628;0.4;0.167832167832;0.163879598662;0.164179104478;0.0636042402827;0.39214232765;0.385826771654;0.20245398773;0.636363636364;0.8
0.33;0.528925619835;0.29;0.20979020979;0.105351170569;0.164179104478;0.0353356890459;0.467012601927;0.55905511811;0.19018404908;0.545454545455;0.6
0.28;0.388429752066;0.33;0.0559440559441;0.103678929766;0.34328358209;0.402826855124;0.489251297257;0.40157480315;0.104294478528;0.163636363636;0.4
0.33;0.446280991736;0.15;0.048951048951;0.112040133779;0.238805970149;0.127208480565;0.51890289103;0.448818897638;0.104294478528;0.2;0.6
0.25;0.330578512397;0.16;0.048951048951;0.122073578595;0.164179104478;0.102473498233;0.489251297257;0.503937007874;0.153374233129;0.181818181818;0.8
0.24;0.198347107438;0.3;0.041958041958;0.103678929766;0.238805970149;0.0636042402827;0.295774647887;0.393700787402;0.20245398773;0.527272727273;1.0
0.48;0.272727272727;0.38;0.0909090909091;0.115384615385;0.492537313433;0.212014134276;0.523350630096;0.322834645669;0.128834355828;0.236363636364;0.4
0.16;0.363636363636;0.14;0.0839160839161;0.0869565217391;0.179104477612;0.0812720848057;0.279466271312;0.535433070866;0.153374233129;0.581818181818;0.8
0.14;0.157024793388;0.09;0.013986013986;0.0903010033445;0.208955223881;0.0777385159011;0.32542624166;0.535433070866;0.20245398773;0.272727272727;0.8
0.4;0.297520661157;0.32;0.111888111888;0.120401337793;0.298507462687;0.409893992933;0.60785767235;0.456692913386;0.153374233129;0.163636363636;0.4
0.42;0.239669421488;0.5;0.0909090909091;0.0719063545151;0.164179104478;0.0671378091873;0.370644922165;0.472440944882;0.257668711656;0.872727272727;0.8
0.56;0.247933884298;0.48;0.104895104895;0.0886287625418;0.0597014925373;0.0424028268551;0.51890289103;0.370078740157;0.306748466258;0.509090909091;0.6
0.07;0.834710743802;0.09;0.020979020979;0.267558528428;0.089552238806;0.0459363957597;0.281690140845;0.59842519685;0.0674846625767;0.236363636364;0.2
0.39;0.165289256198;0.31;0.0559440559441;0.127090301003;0.164179104478;0.0459363957597;0.407709414381;0.338582677165;0.110429447853;0.345454545455;0.6
0.55;0.099173553719;0.47;0.0629370629371;0.0903010033445;0.0746268656716;0.0636042402827;0.56338028169;0.322834645669;0.325153374233;0.454545454545;0.8
0.22;0.396694214876;0.04;0.0909090909091;0.107023411371;0.253731343284;0.289752650177;0.537435137139;0.622047244094;0.110429447853;0.181818181818;0.4
0.33;0.396694214876;0.13;0.0979020979021;0.122073578595;0.0746268656716;0.0636042402827;0.60785767235;0.448818897638;0.134969325153;0.127272727273;0.6
0.21;0.280991735537;0.14;0.111888111888;0.107023411371;0.208955223881;0.109540636042;0.447739065975;0.488188976378;0.0736196319018;0.4;0.4
0.49;0.264462809917;0.46;0.0699300699301;0.132107023411;0.134328358209;0.123674911661;0.458117123795;0.346456692913;0.196319018405;0.618181818182;0.6
0.32;0.132231404959;0.4;0.0839160839161;0.066889632107;0.044776119403;0.0141342756184;0.249073387695;0.464566929134;0.20245398773;0.781818181818;0.8
0.23;0.785123966942;0.09;0.034965034965;0.277591973244;0.134328358209;0.293286219081;0.444773906597;0.44094488189;0.122699386503;0.0909090909091;0.4
0.6;0.0661157024793;0.48;0.0559440559441;0.553511705686;0.0746268656716;0.0424028268551;0.570793180133;0.44094488189;0.208588957055;0.363636363636;0.4
0.11;0.338842975207;0.08;0.048951048951;0.108695652174;0.34328358209;0.137809187279;0.376575240919;0.677165354331;0.19018404908;0.327272727273;0.6
0.24;0.388429752066;0.08;0.223776223776;0.123745819398;0.0746268656716;0.0812720848057;0.533728687917;0.503937007874;0.079754601227;0.0909090909091;0.2
0.3;0.371900826446;0.23;0.13986013986;0.102006688963;0.238805970149;0.399293286219;0.485544848036;0.409448818898;0.122699386503;0.145454545455;0.4
0.34;0.454545454545;0.19;0.0699300699301;0.135451505017;0.149253731343;0.243816254417;0.53076352854;0.362204724409;0.134969325153;0.127272727273;0.2
0.44;0.123966942149;0.53;0.0839160839161;0.103678929766;0.0746268656716;0.0424028268551;0.444773906597;0.362204724409;0.466257668712;0.636363636364;0.8
0.65;0.190082644628;0.49;0.146853146853;0.0969899665552;0.134328358209;0.109540636042;0.748702742772;0.456692913386;0.331288343558;0.454545454545;0.6
0.47;0.355371900826;0.17;0.118881118881;0.125418060201;0.283582089552;0.166077738516;0.756115641216;0.314960629921;0.147239263804;0.163636363636;0.4
0.38;0.330578512397;0.34;0.104895104895;0.125418060201;0.34328358209;0.409893992933;0.593031875463;0.409448818898;0.147239263804;0.181818181818;0.4
0.02;0.181818181818;0.0;0.041958041958;0.0635451505017;0.388059701493;0.201413427562;0.103780578206;0.740157480315;0.257668711656;1.0;0.6
0.2;0.314049586777;0.25;0.0559440559441;0.0969899665552;0.0298507462687;0.0565371024735;0.452186805041;0.40157480315;0.159509202454;0.127272727273;0.4
0.09;0.227272727273;0.13;0.0839160839161;0.0735785953177;0.194029850746;0.0777385159011;0.253521126761;0.692913385827;0.184049079755;0.709090909091;0.6
0.4;0.272727272727;0.49;0.0979020979021;0.120401337793;0.298507462687;0.243816254417;0.63009636768;0.48031496063;0.122699386503;0.218181818182;0.4
0.46;0.462809917355;0.24;0.0699300699301;0.125418060201;0.0597014925373;0.0777385159011;0.637509266123;0.314960629921;0.141104294479;0.309090909091;0.4
0.66;0.239669421488;0.58;0.111888111888;0.140468227425;0.358208955224;0.335689045936;0.744255003706;0.307086614173;0.0981595092025;0.272727272727;0.4
0.2;0.438016528926;0.02;0.0629370629371;0.0903010033445;0.10447761194;0.0671378091873;0.51890289103;0.574803149606;0.184049079755;0.181818181818;0.6
0.22;0.421487603306;0.0;0.048951048951;0.142140468227;0.194029850746;0.113074204947;0.485544848036;0.496062992126;0.128834355828;0.0909090909091;0.6
0.64;0.280991735537;0.5;0.104895104895;0.183946488294;0.044776119403;0.0388692579505;0.770941438102;0.307086614173;0.20245398773;0.309090909091;0.4
0.06;0.347107438017;0.04;0.034965034965;0.061872909699;0.0597014925373;0.0247349823322;0.296515937732;0.771653543307;0.128834355828;0.527272727273;0.4
0.54;0.099173553719;0.46;0.041958041958;0.105351170569;0.0746268656716;0.0530035335689;0.548554484804;0.40157480315;0.398773006135;0.418181818182;0.8
0.26;0.462809917355;0.02;0.00699300699301;0.100334448161;0.119402985075;0.0494699646643;0.467012601927;0.338582677165;0.435582822086;0.127272727273;0.2
0.53;0.338842975207;0.48;0.0909090909091;0.0852842809365;0.0746268656716;0.0671378091873;0.711638250556;0.299212598425;0.134969325153;0.145454545455;0.6
0.06;0.446280991736;0.0;0.0909090909091;0.0903010033445;0.089552238806;0.0318021201413;0.174944403262;0.614173228346;0.128834355828;0.8;0.4
0.5;0.280991735537;0.44;0.118881118881;0.0886287625418;0.044776119403;0.00706713780919;0.484803558191;0.464566929134;0.153374233129;0.672727272727;0.6
0.24;0.446280991736;0.0;0.041958041958;0.105351170569;0.179104477612;0.120141342756;0.56338028169;0.606299212598;0.116564417178;0.163636363636;0.4
0.41;0.429752066116;0.23;0.132867132867;0.138795986622;0.179104477612;0.113074204947;0.711638250556;0.425196850394;0.134969325153;0.218181818182;0.4
0.27;0.305785123967;0.26;0.048951048951;0.0836120401338;0.119402985075;0.0883392226148;0.474425500371;0.511811023622;0.165644171779;0.2;0.4
0.3;0.454545454545;0.3;0.0559440559441;0.0802675585284;0.55223880597;0.197879858657;0.415122312824;0.409448818898;0.116564417178;0.309090909091;0.6
0.15;0.644628099174;0.0;0.027972027972;0.066889632107;0.119402985075;0.0388692579505;0.331356560415;0.59842519685;0.159509202454;0.436363636364;0.6
0.27;0.115702479339;0.3;0.034965034965;0.0785953177258;0.283582089552;0.113074204947;0.348406226835;0.433070866142;0.0613496932515;0.418181818182;0.6
0.14;0.429752066116;0.21;0.041958041958;0.115384615385;0.194029850746;0.0883392226148;0.495922905856;0.669291338583;0.177914110429;0.236363636364;0.4
0.22;0.198347107438;0.46;0.0629370629371;0.103678929766;0.34328358209;0.134275618375;0.381022979985;0.51968503937;0.294478527607;0.454545454545;0.8
0.15;0.231404958678;0.1;0.0559440559441;0.107023411371;0.432835820896;0.144876325088;0.395848776872;0.488188976378;0.0674846625767;0.163636363636;0.6
0.24;0.396694214876;0.26;0.0629370629371;0.11872909699;0.238805970149;0.30035335689;0.44180874722;0.433070866142;0.116564417178;0.236363636364;0.6
0.77;0.388429752066;0.45;0.0769230769231;0.117056856187;0.149253731343;0.0565371024735;0.726464047443;0.204724409449;0.20245398773;0.145454545455;0.6
0.41;0.0826446280992;0.24;0.0629370629371;0.110367892977;0.0;0.0777385159011;0.65233506301;0.527559055118;0.306748466258;0.327272727273;0.6
0.19;0.512396694215;0.03;0.0769230769231;0.0702341137124;0.089552238806;0.0353356890459;0.361749444033;0.55905511811;0.159509202454;0.545454545455;0.6
0.16;0.595041322314;0.03;0.0769230769231;0.0785953177258;0.462686567164;0.148409893993;0.370644922165;0.614173228346;0.116564417178;0.690909090909;0.8
0.4;0.272727272727;0.49;0.0979020979021;0.120401337793;0.298507462687;0.243816254417;0.63009636768;0.48031496063;0.122699386503;0.218181818182;0.4
0.4;0.578512396694;0.14;0.0979020979021;0.128762541806;0.119402985075;0.0600706713781;0.60785767235;0.511811023622;0.159509202454;0.236363636364;0.4
0.36;0.305785123967;0.28;0.048951048951;0.163879598662;0.283582089552;0.459363957597;0.51890289103;0.149606299213;0.969325153374;0.254545454545;0.6
0.37;0.545454545455;0.51;0.034965034965;0.673913043478;0.164179104478;0.212014134276;0.44699777613;0.204724409449;0.490797546012;0.127272727273;0.4
0.42;0.256198347107;0.52;0.0769230769231;0.11872909699;0.194029850746;0.0600706713781;0.548554484804;0.48031496063;0.147239263804;0.509090909091;0.6
0.16;0.561983471074;0.03;0.461538461538;0.112040133779;0.0746268656716;0.0212014134276;0.452186805041;0.614173228346;0.079754601227;0.672727272727;0.4
0.21;0.388429752066;0.0;0.0629370629371;0.132107023411;0.119402985075;0.0282685512367;0.346923647146;0.535433070866;0.110429447853;0.545454545455;0.8
0.2;0.471074380165;0.07;0.0909090909091;0.132107023411;0.208955223881;0.0530035335689;0.40919199407;0.503937007874;0.141104294479;0.509090909091;0.6
0.0;0.231404958678;0.5;0.216783216783;0.056856187291;0.417910447761;0.26148409894;0.0;0.590551181102;0.177914110429;0.927272727273;0.6
0.06;0.314049586777;0.09;0.0769230769231;0.061872909699;0.238805970149;0.328621908127;0.259451445515;0.700787401575;0.159509202454;0.818181818182;0.4
0.24;0.512396694215;0.07;0.034965034965;0.123745819398;0.208955223881;0.148409893993;0.357301704967;0.299212598425;0.0674846625767;0.272727272727;0.4
0.33;0.545454545455;0.1;0.0979020979021;0.115384615385;0.65671641791;0.286219081272;0.600444773907;0.582677165354;0.0981595092025;0.272727272727;0.4
0.26;0.413223140496;0.32;0.0699300699301;0.117056856187;0.089552238806;0.16961130742;0.474425500371;0.488188976378;0.0920245398773;0.163636363636;0.4
0.78;0.409090909091;0.66;0.321678321678;0.11872909699;0.089552238806;0.127208480565;0.889547813195;0.259842519685;0.220858895706;0.272727272727;0.8
0.5;0.239669421488;0.45;0.34965034965;0.0986622073579;0.0746268656716;0.0282685512367;0.505559673832;0.370078740157;0.0736196319018;0.6;0.8
0.35;0.446280991736;0.2;0.0629370629371;0.142140468227;0.328358208955;0.378091872792;0.528539659007;0.307086614173;0.0674846625767;0.127272727273;0.4
0.37;0.173553719008;0.38;0.146853146853;0.0852842809365;0.134328358209;0.0459363957597;0.332097850259;0.44094488189;0.220858895706;0.636363636364;0.8
0.29;0.099173553719;0.4;0.027972027972;0.0735785953177;0.149253731343;0.0671378091873;0.481838398814;0.456692913386;0.306748466258;0.0363636363636;0.6
0.2;0.51652892562;0.12;0.041958041958;0.170568561873;0.208955223881;0.204946996466;0.421052631579;0.377952755906;0.134969325153;0.181818181818;0.6
0.35;0.442148760331;0.49;0.342657342657;0.183946488294;0.492537313433;0.512367491166;0.800593031875;0.448818897638;0.472392638037;0.145454545455;0.4
0.26;0.433884297521;0.03;0.048951048951;0.123745819398;0.194029850746;0.180212014134;0.496664195701;0.496062992126;0.0552147239264;0.327272727273;0.4
0.3;0.256198347107;0.36;0.0769230769231;0.105351170569;0.134328358209;0.148409893993;0.548554484804;0.472440944882;0.0552147239264;0.163636363636;0.4
0.18;0.421487603306;0.07;0.0629370629371;0.128762541806;0.149253731343;0.134275618375;0.378057820608;0.574803149606;0.110429447853;0.345454545455;0.6
0.41;0.462809917355;0.11;0.111888111888;0.135451505017;0.149253731343;0.134275618375;0.643439584878;0.448818897638;0.110429447853;0.181818181818;0.6
0.17;0.520661157025;0.01;0.0839160839161;0.110367892977;0.238805970149;0.0918727915194;0.392883617494;0.637795275591;0.147239263804;0.781818181818;0.6
0.26;0.355371900826;0.21;0.0699300699301;0.0986622073579;0.089552238806;0.0777385159011;0.459599703484;0.425196850394;0.110429447853;0.218181818182;0.4
0.4;0.413223140496;0.04;0.048951048951;0.224080267559;0.388059701493;0.296819787986;0.60785767235;0.330708661417;0.20245398773;0.163636363636;0.4
0.21;0.396694214876;0.0;0.041958041958;0.103678929766;0.223880597015;0.0989399293286;0.51890289103;0.574803149606;0.20245398773;0.254545454545;0.6
0.35;0.132231404959;0.35;0.034965034965;0.0819397993311;0.0746268656716;0.0318021201413;0.373610081542;0.44094488189;0.226993865031;0.6;0.8
0.27;0.454545454545;0.23;0.0629370629371;0.127090301003;0.238805970149;0.318021201413;0.444773906597;0.456692913386;0.0674846625767;0.181818181818;0.4
0.54;0.115702479339;0.48;0.048951048951;0.0903010033445;0.0746268656716;0.0141342756184;0.521868050408;0.464566929134;0.306748466258;0.436363636364;0.6
0.12;0.264462809917;0.39;0.0909090909091;0.108695652174;0.0746268656716;0.0282685512367;0.396590066716;0.606299212598;0.196319018405;0.454545454545;0.6
0.18;0.54132231405;0.0;0.125874125874;0.150501672241;0.10447761194;0.0600706713781;0.467012601927;0.55905511811;0.116564417178;0.4;0.4
0.55;0.198347107438;0.47;0.0699300699301;0.103678929766;0.119402985075;0.0600706713781;0.458117123795;0.385826771654;0.239263803681;0.636363636364;0.6
0.33;0.396694214876;0.25;0.0699300699301;0.177257525084;0.119402985075;0.113074204947;0.44180874722;0.322834645669;0.0981595092025;0.236363636364;0.4
0.21;0.256198347107;0.17;0.041958041958;0.117056856187;0.388059701493;0.159010600707;0.455151964418;0.590551181102;0.165644171779;0.345454545455;0.4
0.18;0.429752066116;0.1;0.0629370629371;0.122073578595;0.253731343284;0.335689045936;0.400296515938;0.472440944882;0.0920245398773;0.309090909091;0.4
0.1;0.314049586777;0.0;0.013986013986;0.0752508361204;0.208955223881;0.0706713780919;0.317272053373;0.488188976378;0.0490797546012;0.181818181818;0.4
0.27;0.429752066116;0.21;0.0699300699301;0.108695652174;0.462686567164;0.448763250883;0.400296515938;0.417322834646;0.0490797546012;0.254545454545;0.4
0.49;0.231404958678;0.53;0.384615384615;0.142140468227;0.0746268656716;0.0459363957597;0.622683469236;0.417322834646;0.276073619632;0.581818181818;0.8
0.19;0.330578512397;0.25;0.0979020979021;0.115384615385;0.134328358209;0.109540636042;0.492957746479;0.566929133858;0.079754601227;0.454545454545;0.4
0.34;0.140495867769;0.4;0.034965034965;0.0919732441472;0.10447761194;0.0494699646643;0.432171979244;0.511811023622;0.141104294479;0.363636363636;0.4
0.41;0.54132231405;0.22;0.0699300699301;0.112040133779;0.164179104478;0.148409893993;0.548554484804;0.346456692913;0.0858895705521;0.2;0.4
0.21;0.396694214876;0.01;0.0769230769231;0.112040133779;0.34328358209;0.109540636042;0.366197183099;0.51968503937;0.147239263804;0.436363636364;0.6
0.27;0.123966942149;0.68;0.160839160839;0.578595317726;0.0597014925373;0.0141342756184;0.51890289103;0.40157480315;0.435582822086;0.254545454545;0.8
0.47;0.471074380165;0.32;0.0909090909091;0.127090301003;0.313432835821;0.30035335689;0.570793180133;0.433070866142;0.153374233129;0.290909090909;0.4
0.5;0.363636363636;0.24;0.0699300699301;0.112040133779;0.268656716418;0.183745583039;0.659747961453;0.346456692913;0.116564417178;0.290909090909;0.6
0.21;0.595041322314;0.02;0.223776223776;0.140468227425;0.0597014925373;0.0247349823322;0.504077094144;0.527559055118;0.122699386503;0.454545454545;0.2
0.69;0.380165289256;0.58;0.048951048951;0.0986622073579;0.0597014925373;0.0424028268551;0.578206078577;0.275590551181;0.159509202454;0.272727272727;0.6
0.17;0.611570247934;0.07;0.0559440559441;0.147157190635;0.283582089552;0.180212014134;0.428465530022;0.677165354331;0.226993865031;0.581818181818;0.6
0.26;0.256198347107;0.4;0.104895104895;0.117056856187;0.0746268656716;0.017667844523;0.383988139362;0.551181102362;0.104294478528;0.672727272727;0.6
0.26;0.330578512397;0.12;0.125874125874;0.0919732441472;0.164179104478;0.166077738516;0.511489992587;0.488188976378;0.122699386503;0.109090909091;0.4
0.3;0.396694214876;0.08;0.0979020979021;0.0735785953177;0.0298507462687;0.00353356890459;0.197183098592;0.377952755906;0.0;0.818181818182;0.4
0.12;0.198347107438;0.24;0.0699300699301;0.138795986622;0.268656716418;0.127208480565;0.326167531505;0.653543307087;0.122699386503;0.581818181818;0.6
0.12;0.330578512397;0.08;0.223776223776;0.0986622073579;0.149253731343;0.0918727915194;0.46404744255;0.645669291339;0.159509202454;0.563636363636;0.6
0.21;0.280991735537;0.2;0.048951048951;0.108695652174;0.402985074627;0.16961130742;0.400296515938;0.496062992126;0.165644171779;0.345454545455;0.6
1.0;0.0743801652893;0.44;0.0699300699301;0.105351170569;0.134328358209;0.0636042402827;0.730170496664;0.259842519685;0.288343558282;0.127272727273;0.8
0.5;0.305785123967;0.2;0.685314685315;0.0986622073579;0.179104477612;0.155477031802;0.837657524092;0.330708661417;0.196319018405;0.127272727273;0.6
0.05;0.305785123967;0.03;0.041958041958;0.0535117056856;0.402985074627;0.286219081272;0.0444773906598;0.59842519685;0.276073619632;1.0;1.0
0.67;0.305785123967;0.49;0.0699300699301;0.11872909699;0.0597014925373;0.0318021201413;0.726464047443;0.354330708661;0.0368098159509;0.127272727273;0.4
0.26;0.157024793388;0.34;0.0909090909091;0.117056856187;0.373134328358;0.102473498233;0.249073387695;0.377952755906;0.134969325153;0.727272727273;0.8
0.32;0.632231404959;0.2;0.013986013986;0.123745819398;0.089552238806;0.0883392226148;0.326167531505;0.291338582677;0.0552147239264;0.272727272727;0.4
0.4;0.256198347107;0.34;0.0909090909091;0.113712374582;0.373134328358;0.282685512367;0.63009636768;0.503937007874;0.153374233129;0.181818181818;0.6
0.22;0.214876033058;0.3;0.041958041958;0.102006688963;0.44776119403;0.226148409894;0.492957746479;0.535433070866;0.134969325153;0.181818181818;0.6
0.56;0.743801652893;0.43;0.118881118881;0.107023411371;0.373134328358;0.289752650177;0.60785767235;0.267716535433;0.122699386503;0.290909090909;0.6
0.52;0.247933884298;0.57;0.153846153846;0.0969899665552;0.044776119403;0.0141342756184;0.511489992587;0.236220472441;0.159509202454;0.2;0.4
0.41;0.181818181818;0.42;0.041958041958;0.0769230769231;0.119402985075;0.0424028268551;0.27575982209;0.346456692913;0.110429447853;0.527272727273;0.4
0.35;0.264462809917;0.5;0.048951048951;0.596989966555;0.208955223881;0.113074204947;0.455151964418;0.212598425197;0.447852760736;0.163636363636;0.4
0.27;0.223140495868;0.12;0.034965034965;0.142140468227;0.268656716418;0.0742049469965;0.426982950334;0.330708661417;0.0736196319018;0.163636363636;0.4
0.34;0.181818181818;0.42;0.0629370629371;0.100334448161;0.328358208955;0.106007067138;0.27575982209;0.291338582677;0.251533742331;0.709090909091;0.6
0.21;0.52479338843;0.15;0.041958041958;0.158862876254;0.283582089552;0.275618374558;0.424759080801;0.354330708661;0.079754601227;0.181818181818;0.4
0.49;0.314049586777;0.5;0.881118881119;0.322742474916;0.701492537313;0.268551236749;0.90585618977;0.330708661417;0.233128834356;0.0545454545455;0.4
0.49;0.421487603306;0.24;0.0839160839161;0.108695652174;0.0746268656716;0.095406360424;0.533728687917;0.275590551181;0.122699386503;0.163636363636;0.4
0.29;0.0495867768595;0.4;0.041958041958;0.0836120401338;0.089552238806;0.0494699646643;0.289103039288;0.425196850394;0.20245398773;0.472727272727;0.4
0.28;0.396694214876;0.26;0.0559440559441;0.113712374582;0.44776119403;0.441696113074;0.446256486286;0.370078740157;0.0920245398773;0.254545454545;0.4
0.15;0.181818181818;0.27;0.111888111888;0.0919732441472;0.10447761194;0.134275618375;0.269829503336;0.370078740157;0.116564417178;0.636363636364;0.6
0.36;0.289256198347;0.3;0.125874125874;0.107023411371;0.432835820896;0.455830388693;0.548554484804;0.44094488189;0.0981595092025;0.163636363636;0.4
0.34;0.363636363636;0.08;0.0629370629371;0.155518394649;0.223880597015;0.134275618375;0.415122312824;0.307086614173;0.0920245398773;0.454545454545;0.4
0.55;0.223140495868;0.46;0.0699300699301;0.105351170569;0.194029850746;0.0742049469965;0.428465530022;0.251968503937;0.288343558282;0.527272727273;0.6
0.47;0.247933884298;0.46;0.0629370629371;0.103678929766;0.0597014925373;0.0353356890459;0.466271312083;0.417322834646;0.226993865031;0.690909090909;0.6
0.42;0.421487603306;0.21;0.104895104895;0.142140468227;0.417910447761;0.208480565371;0.637509266123;0.425196850394;0.128834355828;0.2;0.4
0.17;0.760330578512;0.08;0.0769230769231;0.0919732441472;0.268656716418;0.0918727915194;0.465530022239;0.614173228346;0.122699386503;0.454545454545;0.2
0.52;0.099173553719;0.49;0.0839160839161;0.105351170569;0.134328358209;0.0777385159011;0.56338028169;0.314960629921;0.147239263804;0.345454545455;0.4
0.69;0.371900826446;0.5;0.0979020979021;0.117056856187;0.0746268656716;0.0918727915194;0.770941438102;0.299212598425;0.251533742331;0.4;0.6
0.23;0.652892561983;0.1;0.041958041958;0.103678929766;0.283582089552;0.17667844523;0.483320978503;0.48031496063;0.116564417178;0.127272727273;0.4
0.39;0.388429752066;0.5;0.0559440559441;0.54347826087;0.388059701493;0.265017667845;0.459599703484;0.236220472441;0.760736196319;0.181818181818;0.6
0.33;0.45867768595;0.26;0.0629370629371;0.120401337793;0.149253731343;0.13074204947;0.548554484804;0.448818897638;0.0981595092025;0.127272727273;0.2
0.31;0.214876033058;0.28;0.0629370629371;0.0903010033445;0.179104477612;0.0848056537102;0.489251297257;0.385826771654;0.220858895706;0.218181818182;0.8
0.28;0.338842975207;0.01;0.027972027972;0.108695652174;0.0298507462687;0.0459363957597;0.355819125278;0.330708661417;0.0552147239264;0.236363636364;0.4
0.31;0.582644628099;0.24;0.0629370629371;0.120401337793;0.0597014925373;0.0247349823322;0.51890289103;0.496062992126;0.245398773006;0.4;0.6
0.24;0.880165289256;0.0;0.213286713287;0.142140468227;0.0597014925373;0.0282685512367;0.474425500371;0.700787401575;0.104294478528;0.4;0.0
0.59;0.223140495868;0.47;0.041958041958;0.177257525084;0.0746268656716;0.0282685512367;0.593031875463;0.44094488189;0.233128834356;0.236363636364;0.6
0.19;0.305785123967;0.1;0.0769230769231;0.103678929766;0.164179104478;0.0848056537102;0.422535211268;0.535433070866;0.128834355828;0.309090909091;0.6
0.19;0.53305785124;0.18;0.0839160839161;0.386287625418;0.0671641791045;0.148409893993;0.438843587843;0.51968503937;0.141104294479;0.327272727273;0.6
0.16;0.421487603306;0.0;0.216783216783;0.135451505017;0.746268656716;0.252650176678;0.398813936249;0.362204724409;0.0490797546012;0.181818181818;0.4
0.4;0.214876033058;0.41;0.0839160839161;0.152173913043;0.0746268656716;0.0141342756184;0.432913269088;0.307086614173;0.128834355828;0.618181818182;0.8
0.32;0.727272727273;0.09;0.0769230769231;0.0886287625418;0.089552238806;0.109540636042;0.492957746479;0.456692913386;0.110429447853;0.0909090909091;0.6
0.46;0.363636363636;0.23;0.153846153846;0.150501672241;0.537313432836;0.303886925795;0.696812453669;0.44094488189;0.171779141104;0.290909090909;0.4
0.06;0.603305785124;0.05;0.013986013986;0.0551839464883;0.164179104478;0.289752650177;0.163083765752;0.645669291339;0.276073619632;0.8;1.0
0.27;0.363636363636;0.2;0.0559440559441;0.105351170569;0.119402985075;0.116607773852;0.63009636768;0.582677165354;0.153374233129;0.145454545455;0.4
0.7;0.314049586777;0.59;0.013986013986;0.102006688963;0.328358208955;0.127208480565;0.578206078577;0.141732283465;0.19018404908;0.363636363636;0.8
0.29;0.206611570248;0.23;0.041958041958;0.108695652174;0.328358208955;0.151943462898;0.452186805041;0.425196850394;0.184049079755;0.145454545455;0.4
0.26;0.198347107438;0.31;0.034965034965;0.112040133779;0.373134328358;0.208480565371;0.515937731653;0.566929133858;0.153374233129;0.181818181818;0.6
0.55;0.115702479339;0.47;0.048951048951;0.110367892977;0.0746268656716;0.0636042402827;0.548554484804;0.346456692913;0.411042944785;0.436363636364;0.8
0.5;0.256198347107;0.33;0.104895104895;0.138795986622;0.402985074627;0.293286219081;0.60785767235;0.377952755906;0.19018404908;0.272727272727;0.4
0.21;0.388429752066;0.02;0.0769230769231;0.117056856187;0.34328358209;0.310954063604;0.536693847294;0.637795275591;0.0981595092025;0.218181818182;0.6
0.22;0.305785123967;0.18;0.104895104895;0.0953177257525;0.179104477612;0.0989399293286;0.481838398814;0.433070866142;0.0674846625767;0.127272727273;0.6
0.5;0.380165289256;0.22;0.048951048951;0.113712374582;0.119402985075;0.0918727915194;0.533728687917;0.307086614173;0.110429447853;0.181818181818;0.4
0.37;0.247933884298;0.45;0.0839160839161;0.100334448161;0.462686567164;0.187279151943;0.442550037064;0.464566929134;0.245398773006;0.636363636364;0.6
0.29;0.173553719008;0.23;0.034965034965;0.108695652174;0.253731343284;0.137809187279;0.448480355819;0.433070866142;0.171779141104;0.145454545455;0.4
0.25;0.314049586777;0.36;0.342657342657;0.0986622073579;0.238805970149;0.339222614841;0.56338028169;0.48031496063;0.263803680982;0.363636363636;0.4
0.21;0.462809917355;0.07;0.048951048951;0.105351170569;0.223880597015;0.159010600707;0.492957746479;0.503937007874;0.0920245398773;0.181818181818;0.4
0.12;0.363636363636;0.09;0.034965034965;0.0685618729097;0.34328358209;0.0918727915194;0.283172720534;0.629921259843;0.141104294479;0.509090909091;0.4
0.33;0.396694214876;0.25;0.0699300699301;0.177257525084;0.119402985075;0.113074204947;0.44180874722;0.322834645669;0.0981595092025;0.236363636364;0.4
0.25;0.438016528926;0.18;0.405594405594;0.127090301003;0.388059701493;0.310954063604;0.663454410675;0.503937007874;0.245398773006;0.163636363636;0.4
0.21;0.256198347107;0.42;0.300699300699;0.0986622073579;0.402985074627;0.43109540636;0.526315789474;0.535433070866;0.208588957055;0.363636363636;0.4
0.21;0.421487603306;0.06;0.0559440559441;0.11872909699;0.10447761194;0.0812720848057;0.618977020015;0.732283464567;0.220858895706;0.2;0.4
0.11;0.297520661157;0.09;0.034965034965;0.110367892977;0.253731343284;0.0848056537102;0.283172720534;0.55905511811;0.104294478528;0.490909090909;0.6
0.24;0.462809917355;0.16;0.041958041958;0.110367892977;0.164179104478;0.116607773852;0.555967383247;0.59842519685;0.20245398773;0.254545454545;0.6
0.32;0.727272727273;0.09;0.0769230769231;0.0886287625418;0.089552238806;0.109540636042;0.492957746479;0.456692913386;0.110429447853;0.0909090909091;0.6
0.14;0.371900826446;0.02;0.041958041958;0.0919732441472;0.044776119403;0.017667844523;0.504077094144;0.566929133858;0.19018404908;0.181818181818;0.4
0.24;0.425619834711;0.1;0.0839160839161;0.113712374582;0.223880597015;0.095406360424;0.53076352854;0.661417322835;0.196319018405;0.418181818182;0.8
0.16;0.5;0.2;0.461538461538;0.102006688963;0.417910447761;0.257950530035;0.555967383247;0.433070866142;0.104294478528;0.127272727273;0.4
0.28;0.330578512397;0.25;0.048951048951;0.115384615385;0.194029850746;0.113074204947;0.60785767235;0.543307086614;0.171779141104;0.0909090909091;0.6
0.28;0.363636363636;0.19;0.041958041958;0.153846153846;0.164179104478;0.144876325088;0.459599703484;0.354330708661;0.343558282209;0.181818181818;0.4
0.63;0.206611570248;0.41;0.0769230769231;0.127090301003;0.0746268656716;0.0353356890459;0.637509266123;0.275590551181;0.263803680982;0.145454545455;0.4
0.27;0.380165289256;0.01;0.041958041958;0.127090301003;0.164179104478;0.0424028268551;0.406226834692;0.456692913386;0.116564417178;0.363636363636;0.8
0.78;0.409090909091;0.66;0.321678321678;0.11872909699;0.089552238806;0.127208480565;0.889547813195;0.259842519685;0.220858895706;0.272727272727;0.8
0.14;0.471074380165;0.0;0.0314685314685;0.0719063545151;0.089552238806;0.0212014134276;0.105263157895;0.574803149606;0.0981595092025;0.8;0.6
0.69;0.231404958678;0.65;0.0664335664336;0.0936454849498;0.089552238806;0.0742049469965;0.637509266123;0.251968503937;0.19018404908;0.509090909091;0.6
0.22;0.442148760331;0.03;0.041958041958;0.110367892977;0.089552238806;0.0212014134276;0.420311341735;0.472440944882;0.0122699386503;0.181818181818;0.4
0.24;0.355371900826;0.19;0.041958041958;0.117056856187;0.208955223881;0.0989399293286;0.470719051149;0.590551181102;0.19018404908;0.363636363636;0.4
0.29;0.140495867769;0.49;0.0699300699301;0.140468227425;0.298507462687;0.187279151943;0.514455151964;0.448818897638;0.184049079755;0.290909090909;0.6
0.25;0.537190082645;0.2;0.482517482517;0.14381270903;0.432835820896;0.303886925795;0.646404744255;0.362204724409;0.128834355828;0.127272727273;0.4
0.36;0.586776859504;0.0;0.111888111888;0.138795986622;0.238805970149;0.13074204947;0.594514455152;0.464566929134;0.141104294479;0.345454545455;0.6
0.12;0.223140495868;0.43;0.0559440559441;0.0986622073579;0.194029850746;0.0636042402827;0.302446256486;0.55905511811;0.306748466258;0.490909090909;0.8
0.17;0.380165289256;0.08;0.041958041958;0.142140468227;0.208955223881;0.208480565371;0.422535211268;0.425196850394;0.104294478528;0.127272727273;0.4
0.26;0.305785123967;0.33;0.048951048951;0.103678929766;0.388059701493;0.279151943463;0.50852483321;0.527559055118;0.128834355828;0.0909090909091;0.4
0.02;0.305785123967;0.26;0.0769230769231;0.130434782609;0.328358208955;0.240282685512;0.378057820608;0.763779527559;0.153374233129;0.672727272727;0.6
0.16;0.479338842975;0.08;0.0979020979021;0.157190635452;0.194029850746;0.0742049469965;0.478131949592;0.551181102362;0.128834355828;0.309090909091;0.4
0.33;0.115702479339;0.37;0.013986013986;0.107023411371;0.10447761194;0.0600706713781;0.533728687917;0.409448818898;0.20245398773;0.2;0.6
0.44;0.314049586777;0.34;0.167832167832;0.117056856187;0.0597014925373;0.0282685512367;0.63009636768;0.433070866142;0.0920245398773;0.4;0.6
0.24;0.338842975207;0.26;0.0559440559441;0.148829431438;0.223880597015;0.233215547703;0.407709414381;0.322834645669;0.122699386503;0.163636363636;0.4
0.3;0.247933884298;0.17;0.0559440559441;0.102006688963;0.0746268656716;0.0424028268551;0.51890289103;0.433070866142;0.147239263804;0.127272727273;0.6
0.38;0.247933884298;0.21;0.0909090909091;0.133779264214;0.477611940299;0.289752650177;0.595255744996;0.354330708661;0.0920245398773;0.127272727273;0.4
0.27;0.0495867768595;0.34;0.104895104895;0.0903010033445;0.208955223881;0.183745583039;0.333580429948;0.496062992126;0.251533742331;0.6;0.6
0.1;0.157024793388;0.47;0.167832167832;0.0919732441472;0.253731343284;0.127208480565;0.39214232765;0.511811023622;0.177914110429;0.454545454545;0.6
0.1;0.314049586777;0.0;0.013986013986;0.0752508361204;0.208955223881;0.0706713780919;0.317272053373;0.488188976378;0.0490797546012;0.181818181818;0.4
0.16;0.50826446281;0.02;0.468531468531;0.183946488294;1.0;0.416961130742;0.681986656783;0.574803149606;0.0981595092025;0.254545454545;0.4
0.65;0.272727272727;0.5;0.125874125874;0.110367892977;0.268656716418;0.144876325088;0.748702742772;0.409448818898;0.453987730061;0.454545454545;0.6
0.65;0.161157024793;0.54;0.0629370629371;0.120401337793;0.0597014925373;0.0318021201413;0.63009636768;0.188976377953;0.20245398773;0.127272727273;0.6
0.2;0.442148760331;0.16;0.0629370629371;0.103678929766;0.10447761194;0.0671378091873;0.434395848777;0.496062992126;0.110429447853;0.218181818182;0.4
0.17;0.607438016529;0.02;0.048951048951;0.0869565217391;0.417910447761;0.113074204947;0.335063009637;0.44094488189;0.116564417178;0.409090909091;0.6
0.25;0.322314049587;0.02;0.034965034965;0.120401337793;0.179104477612;0.0883392226148;0.383988139362;0.488188976378;0.104294478528;0.363636363636;0.6
0.49;0.371900826446;0.25;0.0559440559441;0.153846153846;0.164179104478;0.293286219081;0.452186805041;0.236220472441;0.325153374233;0.290909090909;0.4
0.21;0.388429752066;0.0;0.0699300699301;0.110367892977;0.373134328358;0.134275618375;0.372127501853;0.535433070866;0.19018404908;0.418181818182;0.6
0.43;0.49173553719;0.24;0.0629370629371;0.0969899665552;0.0597014925373;0.0494699646643;0.474425500371;0.299212598425;0.134969325153;0.254545454545;0.4
0.49;0.190082644628;0.41;0.0769230769231;0.11872909699;0.149253731343;0.194346289753;0.593031875463;0.370078740157;0.079754601227;0.181818181818;0.4
0.59;0.223140495868;0.47;0.041958041958;0.177257525084;0.0746268656716;0.0282685512367;0.593031875463;0.44094488189;0.233128834356;0.236363636364;0.6
0.73;0.314049586777;0.49;0.0699300699301;0.128762541806;0.0597014925373;0.0282685512367;0.741289844329;0.354330708661;0.0429447852761;0.2;0.4
0.26;0.247933884298;0.25;0.188811188811;0.153846153846;0.402985074627;0.296819787986;0.566345441067;0.322834645669;0.122699386503;0.109090909091;0.4
0.2;0.0826446280992;0.3;0.041958041958;0.0886287625418;0.223880597015;0.0494699646643;0.483320978503;0.685039370079;0.276073619632;0.272727272727;0.6
0.12;0.479338842975;0.15;0.272727272727;0.107023411371;0.179104477612;0.0742049469965;0.446256486286;0.629921259843;0.141104294479;0.618181818182;0.6
0.26;0.305785123967;0.26;0.027972027972;0.374581939799;0.134328358209;0.289752650177;0.489251297257;0.291338582677;0.263803680982;0.145454545455;0.4
0.25;0.371900826446;0.02;0.0979020979021;0.108695652174;0.149253731343;0.102473498233;0.398072646405;0.488188976378;0.153374233129;0.418181818182;0.6
0.29;0.371900826446;0.31;0.0559440559441;0.112040133779;0.134328358209;0.257950530035;0.487027427724;0.433070866142;0.196319018405;0.181818181818;0.6
0.45;0.363636363636;0.33;0.0839160839161;0.128762541806;0.507462686567;0.21554770318;0.51890289103;0.425196850394;0.220858895706;0.6;0.8
0.23;0.152892561983;0.39;0.0;0.0785953177258;0.089552238806;0.017667844523;0.230541141586;0.433070866142;0.0920245398773;0.545454545455;0.6
0.27;0.694214876033;0.2;0.0559440559441;0.0585284280936;0.208955223881;0.190812720848;0.392883617494;0.488188976378;0.0429447852761;0.436363636364;0.4
0.39;0.231404958678;0.51;0.0979020979021;0.066889632107;0.179104477612;0.0742049469965;0.355819125278;0.456692913386;0.325153374233;0.890909090909;0.8
0.7;0.214876033058;0.56;0.0629370629371;0.135451505017;0.0746268656716;0.0636042402827;0.670867309118;0.314960629921;0.208588957055;0.436363636364;0.6
0.49;0.338842975207;0.57;0.0839160839161;0.135451505017;0.432835820896;0.162544169611;0.511489992587;0.354330708661;0.239263803681;0.563636363636;0.8
0.4;0.264462809917;0.49;0.0839160839161;0.110367892977;0.373134328358;0.406360424028;0.56338028169;0.385826771654;0.128834355828;0.127272727273;0.4
0.33;0.404958677686;0.3;0.0629370629371;0.120401337793;0.149253731343;0.155477031802;0.51890289103;0.51968503937;0.147239263804;0.309090909091;0.6
0.31;0.351239669421;0.18;0.048951048951;0.113712374582;0.179104477612;0.102473498233;0.51890289103;0.44094488189;0.134969325153;0.0909090909091;0.6
0.31;0.495867768595;0.09;0.111888111888;0.120401337793;0.253731343284;0.151943462898;0.681986656783;0.543307086614;0.21472392638;0.472727272727;0.6
0.06;0.446280991736;0.0;0.0699300699301;0.125418060201;0.0298507462687;0.017667844523;0.26538176427;0.763779527559;0.159509202454;0.781818181818;0.8
0.43;0.442148760331;0.26;0.0559440559441;0.140468227425;0.0597014925373;0.102473498233;0.532246108228;0.40157480315;0.0306748466258;0.2;0.4
0.34;0.157024793388;0.29;0.132867132867;0.304347826087;0.194029850746;0.0706713780919;0.382505559674;0.377952755906;0.251533742331;0.636363636364;0.6
0.16;0.371900826446;0.02;0.0629370629371;0.172240802676;0.0746268656716;0.0353356890459;0.469977761305;0.503937007874;0.196319018405;0.181818181818;0.4
0.19;0.421487603306;0.02;0.048951048951;0.110367892977;0.253731343284;0.0848056537102;0.512972572276;0.51968503937;0.233128834356;0.236363636364;0.4
0.26;0.297520661157;0.31;0.111888111888;0.0969899665552;0.044776119403;0.0318021201413;0.498888065234;0.377952755906;0.110429447853;0.327272727273;0.6
0.31;0.578512396694;0.0;0.202797202797;0.138795986622;0.0597014925373;0.0282685512367;0.61823573017;0.488188976378;0.0981595092025;0.2;0.4
0.56;0.132231404959;0.39;1.0;0.0953177257525;0.0746268656716;0.0600706713781;0.919199406968;0.299212598425;0.177914110429;0.127272727273;0.4
0.84;0.123966942149;0.62;0.0979020979021;0.117056856187;0.0746268656716;0.0530035335689;0.741289844329;0.330708661417;0.184049079755;0.218181818182;0.6
0.43;0.256198347107;0.44;0.048951048951;0.122073578595;0.119402985075;0.0565371024735;0.510007412898;0.425196850394;0.110429447853;0.181818181818;0.4
0.87;0.243801652893;0.68;0.118881118881;0.122073578595;0.238805970149;0.13074204947;0.830244625649;0.251968503937;0.263803680982;0.272727272727;0.6
0.14;0.371900826446;0.12;0.0769230769231;0.180602006689;0.358208955224;0.106007067138;0.36990363232;0.574803149606;0.208588957055;0.509090909091;0.8
0.27;0.256198347107;0.25;0.0979020979021;0.102006688963;0.417910447761;0.201413427562;0.441067457376;0.496062992126;0.128834355828;0.363636363636;0.6
0.44;0.148760330579;0.56;0.111888111888;0.113712374582;0.0746268656716;0.0388692579505;0.459599703484;0.322834645669;0.337423312883;0.581818181818;1.0
0.32;0.214876033058;0.32;0.0909090909091;0.113712374582;0.34328358209;0.229681978799;0.447739065975;0.417322834646;0.294478527607;0.454545454545;0.6
0.28;0.479338842975;0.06;0.048951048951;0.112040133779;0.283582089552;0.102473498233;0.450704225352;0.51968503937;0.196319018405;0.436363636364;0.4
0.6;0.115702479339;0.68;0.0944055944056;0.122073578595;0.134328358209;0.0671378091873;0.504077094144;0.346456692913;0.147239263804;0.6;0.4
0.24;0.190082644628;0.33;0.0839160839161;0.0936454849498;0.119402985075;0.0706713780919;0.333580429948;0.488188976378;0.141104294479;0.618181818182;0.6
0.62;0.132231404959;0.56;0.048951048951;0.105351170569;0.238805970149;0.190812720848;0.578206078577;0.330708661417;0.128834355828;0.236363636364;0.6
0.43;0.256198347107;0.44;0.048951048951;0.122073578595;0.119402985075;0.0565371024735;0.510007412898;0.425196850394;0.110429447853;0.181818181818;0.4
0.19;0.239669421488;0.33;0.0699300699301;0.115384615385;0.313432835821;0.106007067138;0.348406226835;0.527559055118;0.233128834356;0.472727272727;0.6
0.29;0.0495867768595;0.4;0.0699300699301;0.061872909699;0.55223880597;0.21554770318;0.429948109711;0.464566929134;0.343558282209;0.509090909091;0.4
0.37;0.421487603306;0.28;0.104895104895;0.140468227425;0.238805970149;0.222614840989;0.529280948851;0.409448818898;0.159509202454;0.309090909091;0.6
0.34;0.45041322314;0.61;0.0559440559441;0.167224080268;0.179104477612;0.314487632509;0.504077094144;0.330708661417;0.104294478528;0.109090909091;0.4
0.23;0.471074380165;0.32;0.0699300699301;0.0953177257525;0.507462686567;0.34628975265;0.453669384729;0.464566929134;0.0858895705521;0.181818181818;0.4
0.26;0.553719008264;0.21;0.0769230769231;0.125418060201;0.298507462687;0.219081272085;0.392883617494;0.299212598425;0.0429447852761;0.127272727273;0.4
0.23;0.388429752066;0.26;0.0559440559441;0.113712374582;0.238805970149;0.34628975265;0.418087472202;0.425196850394;0.0920245398773;0.254545454545;0.4
0.17;0.132231404959;0.28;0.0839160839161;0.0;0.522388059701;0.332155477032;0.0326167531505;0.409448818898;0.0122699386503;0.581818181818;0.8
0.08;0.140495867769;0.26;0.034965034965;0.0852842809365;0.0298507462687;0.017667844523;0.0963676797628;0.511811023622;0.104294478528;0.909090909091;0.6
0.49;0.190082644628;0.41;0.0769230769231;0.11872909699;0.149253731343;0.194346289753;0.593031875463;0.370078740157;0.079754601227;0.181818181818;0.4
0.11;0.48347107438;0.1;0.111888111888;0.115384615385;0.179104477612;0.0777385159011;0.452928094885;0.677165354331;0.177914110429;0.309090909091;0.4
0.36;0.355371900826;0.09;0.146853146853;0.0936454849498;0.10447761194;0.0388692579505;0.530022238695;0.385826771654;0.0429447852761;0.272727272727;0.4
0.39;0.0;0.45;0.041958041958;0.105351170569;0.134328358209;0.0530035335689;0.394366197183;0.527559055118;0.239263803681;0.618181818182;0.8
0.19;0.347107438017;0.3;0.0699300699301;0.127090301003;0.119402985075;0.349823321555;0.522609340252;0.40157480315;0.496932515337;0.363636363636;0.6
0.26;0.231404958678;0.29;0.048951048951;0.110367892977;0.417910447761;0.212014134276;0.511489992587;0.55905511811;0.134969325153;0.181818181818;0.6
0.28;0.223140495868;0.42;0.0559440559441;0.123745819398;0.119402985075;0.0530035335689;0.375092661231;0.511811023622;0.177914110429;0.563636363636;0.6
0.18;0.388429752066;0.1;0.034965034965;0.0852842809365;0.492537313433;0.166077738516;0.415122312824;0.527559055118;0.184049079755;0.218181818182;0.4
0.02;0.181818181818;0.0;0.041958041958;0.0635451505017;0.388059701493;0.201413427562;0.103780578206;0.740157480315;0.257668711656;1.0;0.6
0.54;0.264462809917;0.73;0.374125874126;0.103678929766;0.55223880597;0.247349823322;0.65233506301;0.338582677165;0.294478527607;0.636363636364;0.8
0.19;0.801652892562;0.06;0.0629370629371;0.0819397993311;0.164179104478;0.0883392226148;0.340993328391;0.606299212598;0.0368098159509;0.527272727273;0.2
0.11;0.429752066116;0.02;0.0839160839161;0.0953177257525;0.373134328358;0.141342756184;0.250555967383;0.574803149606;0.0490797546012;0.454545454545;0.4
0.26;0.148760330579;0.42;0.0559440559441;0.066889632107;0.0746268656716;0.0636042402827;0.452186805041;0.551181102362;0.276073619632;0.618181818182;0.6
0.22;0.5;0.05;0.241258741259;0.123745819398;0.044776119403;0.017667844523;0.444773906597;0.527559055118;0.0122699386503;0.436363636364;0.4
0.54;0.099173553719;0.49;0.041958041958;0.105351170569;0.0746268656716;0.0494699646643;0.555967383247;0.346456692913;0.423312883436;0.454545454545;0.6
0.13;0.355371900826;0.15;0.041958041958;0.108695652174;0.373134328358;0.102473498233;0.217939214233;0.456692913386;0.276073619632;0.563636363636;0.6
0.22;0.214876033058;0.31;0.0559440559441;0.0735785953177;0.208955223881;0.0812720848057;0.335063009637;0.385826771654;0.239263803681;0.509090909091;1.0
0.23;0.388429752066;0.26;0.41958041958;0.0969899665552;0.507462686567;0.406360424028;0.58561897702;0.496062992126;0.0736196319018;0.163636363636;0.4
0.35;0.280991735537;0.59;0.013986013986;0.672240802676;0.223880597015;0.137809187279;0.505559673832;0.228346456693;0.59509202454;0.127272727273;0.4
0.36;0.161157024793;0.4;0.0699300699301;0.112040133779;0.0298507462687;0.0;0.36471460341;0.417322834646;0.184049079755;0.618181818182;0.6
0.17;0.132231404959;0.28;0.0839160839161;0.0;0.522388059701;0.332155477032;0.0326167531505;0.409448818898;0.0122699386503;0.581818181818;0.8
0.46;0.173553719008;0.52;0.0699300699301;0.103678929766;0.179104477612;0.0671378091873;0.362490733877;0.488188976378;0.239263803681;0.709090909091;0.8
0.76;0.239669421488;0.54;0.111888111888;0.152173913043;0.268656716418;0.123674911661;0.681245366938;0.370078740157;0.239263803681;0.509090909091;0.6
0.52;0.0909090909091;0.37;0.0699300699301;0.0752508361204;0.194029850746;0.106007067138;0.440326167532;0.385826771654;0.0736196319018;0.145454545455;0.2
0.32;0.0661157024793;0.43;0.0909090909091;0.107023411371;0.44776119403;0.159010600707;0.483320978503;0.622047244094;0.269938650307;0.345454545455;0.6
0.19;0.363636363636;0.03;0.020979020979;0.123745819398;0.522388059701;0.141342756184;0.372127501853;0.622047244094;0.122699386503;0.381818181818;0.4
0.14;0.557851239669;0.0;0.0699300699301;0.0886287625418;0.402985074627;0.162544169611;0.26538176427;0.590551181102;0.0920245398773;0.563636363636;0.4
0.12;0.272727272727;0.2;0.027972027972;0.0953177257525;0.0298507462687;0.0318021201413;0.415122312824;0.527559055118;0.116564417178;0.127272727273;0.4
0.66;0.165289256198;0.55;0.111888111888;0.115384615385;0.507462686567;0.21554770318;0.741289844329;0.456692913386;0.337423312883;0.418181818182;0.8
0.25;0.330578512397;0.42;0.0769230769231;0.125418060201;0.10447761194;0.113074204947;0.51890289103;0.661417322835;0.147239263804;0.363636363636;0.6
0.0;0.214876033058;0.01;0.027972027972;0.0602006688963;0.373134328358;0.190812720848;0.0474425500371;0.755905511811;0.233128834356;1.0;0.6
0.0;0.247933884298;0.24;0.0559440559441;0.0802675585284;0.268656716418;0.155477031802;0.111193476649;0.771653543307;0.226993865031;1.0;1.0
0.41;0.148760330579;0.41;0.0559440559441;0.0936454849498;0.134328358209;0.0636042402827;0.372868791698;0.417322834646;0.294478527607;0.581818181818;0.8
0.3;0.586776859504;0.27;0.0559440559441;0.113712374582;0.149253731343;0.201413427562;0.468495181616;0.433070866142;0.0674846625767;0.236363636364;0.2
0.7;0.206611570248;0.76;0.20979020979;0.0903010033445;0.089552238806;0.113074204947;0.756115641216;0.377952755906;0.141104294479;0.818181818182;0.8
0.41;0.557851239669;0.0;0.0979020979021;0.140468227425;0.149253731343;0.0706713780919;0.681986656783;0.48031496063;0.282208588957;0.163636363636;0.6
0.28;0.429752066116;0.1;0.335664335664;0.172240802676;0.0597014925373;0.017667844523;0.60785767235;0.496062992126;0.196319018405;0.290909090909;0.8
0.29;0.471074380165;0.21;0.0629370629371;0.113712374582;0.477611940299;0.47703180212;0.444773906597;0.40157480315;0.0858895705521;0.254545454545;0.4
0.22;0.198347107438;0.46;0.0629370629371;0.103678929766;0.34328358209;0.134275618375;0.381022979985;0.51968503937;0.294478527607;0.454545454545;0.8
0.19;0.371900826446;0.0;0.111888111888;0.115384615385;0.298507462687;0.123674911661;0.369162342476;0.527559055118;0.0920245398773;0.418181818182;0.4
0.28;0.433884297521;0.0;0.300699300699;0.123745819398;0.0597014925373;0.0424028268551;0.622683469236;0.51968503937;0.110429447853;0.2;0.6
0.49;0.347107438017;0.45;0.0769230769231;0.0986622073579;0.223880597015;0.120141342756;0.659747961453;0.511811023622;0.153374233129;0.163636363636;0.4
0.18;0.471074380165;0.0;0.307692307692;0.1872909699;0.298507462687;0.183745583039;0.704225352113;0.566929133858;0.21472392638;0.309090909091;0.4
0.49;0.347107438017;0.26;0.0559440559441;0.165551839465;0.089552238806;0.190812720848;0.510748702743;0.157480314961;0.374233128834;0.309090909091;0.4
0.31;0.214876033058;0.48;0.041958041958;0.242474916388;0.0597014925373;0.0388692579505;0.548554484804;0.44094488189;0.41717791411;0.163636363636;0.4
0.44;0.231404958678;0.31;0.0699300699301;0.130434782609;0.179104477612;0.197879858657;0.474425500371;0.259842519685;0.159509202454;0.363636363636;0.6
0.2;0.347107438017;0.0;0.0629370629371;0.112040133779;0.567164179104;0.173144876325;0.400296515938;0.511811023622;0.288343558282;0.527272727273;0.6
0.2;0.706611570248;0.04;0.0559440559441;0.125418060201;0.164179104478;0.21554770318;0.404002965159;0.48031496063;0.141104294479;0.163636363636;0.2
0.27;0.48347107438;0.1;0.0979020979021;0.120401337793;0.119402985075;0.0706713780919;0.548554484804;0.511811023622;0.0736196319018;0.218181818182;0.4
0.23;0.165289256198;0.23;0.0769230769231;0.0903010033445;0.507462686567;0.226148409894;0.421052631579;0.543307086614;0.153374233129;0.290909090909;0.4
0.35;0.206611570248;0.2;0.111888111888;0.130434782609;0.253731343284;0.183745583039;0.578206078577;0.472440944882;0.20245398773;0.2;0.6
0.37;0.347107438017;0.26;0.0909090909091;0.142140468227;0.089552238806;0.0883392226148;0.548554484804;0.417322834646;0.141104294479;0.145454545455;0.6
